2024-06-27 14:08:10 startup archives install
2024-06-27 14:08:10 install base-passwd:arm64 <none> 3.5.52build1
2024-06-27 14:08:10 status half-installed base-passwd:arm64 3.5.52build1
2024-06-27 14:08:10 status unpacked base-passwd:arm64 3.5.52build1
2024-06-27 14:08:10 configure base-passwd:arm64 3.5.52build1 3.5.52build1
2024-06-27 14:08:10 status half-configured base-passwd:arm64 3.5.52build1
2024-06-27 14:08:10 status installed base-passwd:arm64 3.5.52build1
2024-06-27 14:08:10 startup archives install
2024-06-27 14:08:10 install base-files:arm64 <none> 12ubuntu4
2024-06-27 14:08:10 status half-installed base-files:arm64 12ubuntu4
2024-06-27 14:08:10 status unpacked base-files:arm64 12ubuntu4
2024-06-27 14:08:10 configure base-files:arm64 12ubuntu4 12ubuntu4
2024-06-27 14:08:10 status half-configured base-files:arm64 12ubuntu4
2024-06-27 14:08:10 status installed base-files:arm64 12ubuntu4
2024-06-27 14:08:10 startup archives install
2024-06-27 14:08:11 upgrade dpkg 1.21.1ubuntu2 1.21.1ubuntu2
2024-06-27 14:08:11 status half-configured dpkg 1.21.1ubuntu2
2024-06-27 14:08:11 status unpacked dpkg 1.21.1ubuntu2
2024-06-27 14:08:11 status half-installed dpkg 1.21.1ubuntu2
2024-06-27 14:08:11 status unpacked dpkg:arm64 1.21.1ubuntu2
2024-06-27 14:08:11 configure dpkg:arm64 1.21.1ubuntu2 1.21.1ubuntu2
2024-06-27 14:08:11 status half-configured dpkg:arm64 1.21.1ubuntu2
2024-06-27 14:08:11 status installed dpkg:arm64 1.21.1ubuntu2
2024-06-27 14:08:11 startup archives install
2024-06-27 14:08:11 install libc6:arm64 <none> 2.35-0ubuntu3
2024-06-27 14:08:11 status half-installed libc6:arm64 2.35-0ubuntu3
2024-06-27 14:08:12 status unpacked libc6:arm64 2.35-0ubuntu3
2024-06-27 14:08:12 configure libc6:arm64 2.35-0ubuntu3 2.35-0ubuntu3
2024-06-27 14:08:12 status half-configured libc6:arm64 2.35-0ubuntu3
2024-06-27 14:08:12 status installed libc6:arm64 2.35-0ubuntu3
2024-06-27 14:08:12 startup archives install
2024-06-27 14:08:12 install perl-base:arm64 <none> 5.34.0-3ubuntu1
2024-06-27 14:08:12 status half-installed perl-base:arm64 5.34.0-3ubuntu1
2024-06-27 14:08:12 status unpacked perl-base:arm64 5.34.0-3ubuntu1
2024-06-27 14:08:12 configure perl-base:arm64 5.34.0-3ubuntu1 5.34.0-3ubuntu1
2024-06-27 14:08:12 status half-configured perl-base:arm64 5.34.0-3ubuntu1
2024-06-27 14:08:12 status installed perl-base:arm64 5.34.0-3ubuntu1
2024-06-27 14:08:12 startup archives install
2024-06-27 14:08:12 install mawk:arm64 <none> 1.3.4.20200120-3
2024-06-27 14:08:12 status half-installed mawk:arm64 1.3.4.20200120-3
2024-06-27 14:08:12 status unpacked mawk:arm64 1.3.4.20200120-3
2024-06-27 14:08:12 configure mawk:arm64 1.3.4.20200120-3 1.3.4.20200120-3
2024-06-27 14:08:12 status half-configured mawk:arm64 1.3.4.20200120-3
2024-06-27 14:08:12 status installed mawk:arm64 1.3.4.20200120-3
2024-06-27 14:08:12 startup archives unpack
2024-06-27 14:08:12 upgrade base-files:arm64 12ubuntu4 12ubuntu4
2024-06-27 14:08:12 status half-configured base-files:arm64 12ubuntu4
2024-06-27 14:08:12 status unpacked base-files:arm64 12ubuntu4
2024-06-27 14:08:12 status half-installed base-files:arm64 12ubuntu4
2024-06-27 14:08:12 status unpacked base-files:arm64 12ubuntu4
2024-06-27 14:08:12 upgrade base-passwd:arm64 3.5.52build1 3.5.52build1
2024-06-27 14:08:12 status half-configured base-passwd:arm64 3.5.52build1
2024-06-27 14:08:12 status unpacked base-passwd:arm64 3.5.52build1
2024-06-27 14:08:12 status half-installed base-passwd:arm64 3.5.52build1
2024-06-27 14:08:12 status unpacked base-passwd:arm64 3.5.52build1
2024-06-27 14:08:13 install bash:arm64 <none> 5.1-6ubuntu1
2024-06-27 14:08:13 status half-installed bash:arm64 5.1-6ubuntu1
2024-06-27 14:08:13 status unpacked bash:arm64 5.1-6ubuntu1
2024-06-27 14:08:13 install bsdutils:arm64 <none> 1:2.37.2-4ubuntu3
2024-06-27 14:08:13 status half-installed bsdutils:arm64 1:2.37.2-4ubuntu3
2024-06-27 14:08:13 status unpacked bsdutils:arm64 1:2.37.2-4ubuntu3
2024-06-27 14:08:13 install coreutils:arm64 <none> 8.32-4.1ubuntu1
2024-06-27 14:08:13 status half-installed coreutils:arm64 8.32-4.1ubuntu1
2024-06-27 14:08:13 status unpacked coreutils:arm64 8.32-4.1ubuntu1
2024-06-27 14:08:13 install dash:arm64 <none> 0.5.11+git20210903+057cd650a4ed-3build1
2024-06-27 14:08:13 status half-installed dash:arm64 0.5.11+git20210903+057cd650a4ed-3build1
2024-06-27 14:08:13 status unpacked dash:arm64 0.5.11+git20210903+057cd650a4ed-3build1
2024-06-27 14:08:13 install debconf:all <none> 1.5.79ubuntu1
2024-06-27 14:08:13 status half-installed debconf:all 1.5.79ubuntu1
2024-06-27 14:08:13 status unpacked debconf:all 1.5.79ubuntu1
2024-06-27 14:08:13 install debianutils:arm64 <none> 5.5-1ubuntu2
2024-06-27 14:08:13 status half-installed debianutils:arm64 5.5-1ubuntu2
2024-06-27 14:08:13 status unpacked debianutils:arm64 5.5-1ubuntu2
2024-06-27 14:08:13 install diffutils:arm64 <none> 1:3.8-0ubuntu2
2024-06-27 14:08:13 status half-installed diffutils:arm64 1:3.8-0ubuntu2
2024-06-27 14:08:13 status unpacked diffutils:arm64 1:3.8-0ubuntu2
2024-06-27 14:08:13 upgrade dpkg:arm64 1.21.1ubuntu2 1.21.1ubuntu2
2024-06-27 14:08:13 status half-configured dpkg:arm64 1.21.1ubuntu2
2024-06-27 14:08:13 status unpacked dpkg:arm64 1.21.1ubuntu2
2024-06-27 14:08:13 status half-installed dpkg:arm64 1.21.1ubuntu2
2024-06-27 14:08:13 status unpacked dpkg:arm64 1.21.1ubuntu2
2024-06-27 14:08:13 install e2fsprogs:arm64 <none> 1.46.5-2ubuntu1
2024-06-27 14:08:13 status half-installed e2fsprogs:arm64 1.46.5-2ubuntu1
2024-06-27 14:08:13 status unpacked e2fsprogs:arm64 1.46.5-2ubuntu1
2024-06-27 14:08:13 install findutils:arm64 <none> 4.8.0-1ubuntu3
2024-06-27 14:08:13 status half-installed findutils:arm64 4.8.0-1ubuntu3
2024-06-27 14:08:13 status unpacked findutils:arm64 4.8.0-1ubuntu3
2024-06-27 14:08:13 install gcc-12-base:arm64 <none> 12-20220319-1ubuntu1
2024-06-27 14:08:13 status half-installed gcc-12-base:arm64 12-20220319-1ubuntu1
2024-06-27 14:08:13 status unpacked gcc-12-base:arm64 12-20220319-1ubuntu1
2024-06-27 14:08:13 install grep:arm64 <none> 3.7-1build1
2024-06-27 14:08:13 status half-installed grep:arm64 3.7-1build1
2024-06-27 14:08:13 status unpacked grep:arm64 3.7-1build1
2024-06-27 14:08:13 install gzip:arm64 <none> 1.10-4ubuntu4
2024-06-27 14:08:13 status half-installed gzip:arm64 1.10-4ubuntu4
2024-06-27 14:08:13 status unpacked gzip:arm64 1.10-4ubuntu4
2024-06-27 14:08:13 install hostname:arm64 <none> 3.23ubuntu2
2024-06-27 14:08:13 status half-installed hostname:arm64 3.23ubuntu2
2024-06-27 14:08:13 status unpacked hostname:arm64 3.23ubuntu2
2024-06-27 14:08:13 install init-system-helpers:all <none> 1.62
2024-06-27 14:08:13 status half-installed init-system-helpers:all 1.62
2024-06-27 14:08:13 status unpacked init-system-helpers:all 1.62
2024-06-27 14:08:13 install libacl1:arm64 <none> 2.3.1-1
2024-06-27 14:08:13 status half-installed libacl1:arm64 2.3.1-1
2024-06-27 14:08:13 status unpacked libacl1:arm64 2.3.1-1
2024-06-27 14:08:13 install libattr1:arm64 <none> 1:2.5.1-1build1
2024-06-27 14:08:13 status half-installed libattr1:arm64 1:2.5.1-1build1
2024-06-27 14:08:13 status unpacked libattr1:arm64 1:2.5.1-1build1
2024-06-27 14:08:13 install libaudit-common:all <none> 1:3.0.7-1build1
2024-06-27 14:08:13 status half-installed libaudit-common:all 1:3.0.7-1build1
2024-06-27 14:08:13 status unpacked libaudit-common:all 1:3.0.7-1build1
2024-06-27 14:08:13 install libaudit1:arm64 <none> 1:3.0.7-1build1
2024-06-27 14:08:13 status half-installed libaudit1:arm64 1:3.0.7-1build1
2024-06-27 14:08:13 status unpacked libaudit1:arm64 1:3.0.7-1build1
2024-06-27 14:08:13 install libblkid1:arm64 <none> 2.37.2-4ubuntu3
2024-06-27 14:08:13 status half-installed libblkid1:arm64 2.37.2-4ubuntu3
2024-06-27 14:08:13 status unpacked libblkid1:arm64 2.37.2-4ubuntu3
2024-06-27 14:08:13 install libbz2-1.0:arm64 <none> 1.0.8-5build1
2024-06-27 14:08:13 status half-installed libbz2-1.0:arm64 1.0.8-5build1
2024-06-27 14:08:14 status unpacked libbz2-1.0:arm64 1.0.8-5build1
2024-06-27 14:08:14 install libc-bin:arm64 <none> 2.35-0ubuntu3
2024-06-27 14:08:14 status half-installed libc-bin:arm64 2.35-0ubuntu3
2024-06-27 14:08:14 status unpacked libc-bin:arm64 2.35-0ubuntu3
2024-06-27 14:08:14 upgrade libc6:arm64 2.35-0ubuntu3 2.35-0ubuntu3
2024-06-27 14:08:14 status half-configured libc6:arm64 2.35-0ubuntu3
2024-06-27 14:08:14 status unpacked libc6:arm64 2.35-0ubuntu3
2024-06-27 14:08:14 status half-installed libc6:arm64 2.35-0ubuntu3
2024-06-27 14:08:14 status unpacked libc6:arm64 2.35-0ubuntu3
2024-06-27 14:08:14 install libcap-ng0:arm64 <none> 0.7.9-2.2build3
2024-06-27 14:08:14 status half-installed libcap-ng0:arm64 0.7.9-2.2build3
2024-06-27 14:08:14 status unpacked libcap-ng0:arm64 0.7.9-2.2build3
2024-06-27 14:08:14 install libcap2:arm64 <none> 1:2.44-1build3
2024-06-27 14:08:14 status half-installed libcap2:arm64 1:2.44-1build3
2024-06-27 14:08:14 status unpacked libcap2:arm64 1:2.44-1build3
2024-06-27 14:08:14 install libcom-err2:arm64 <none> 1.46.5-2ubuntu1
2024-06-27 14:08:14 status half-installed libcom-err2:arm64 1.46.5-2ubuntu1
2024-06-27 14:08:14 status unpacked libcom-err2:arm64 1.46.5-2ubuntu1
2024-06-27 14:08:14 install libcrypt1:arm64 <none> 1:4.4.27-1
2024-06-27 14:08:14 status half-installed libcrypt1:arm64 1:4.4.27-1
2024-06-27 14:08:14 status unpacked libcrypt1:arm64 1:4.4.27-1
2024-06-27 14:08:14 install libdb5.3:arm64 <none> 5.3.28+dfsg1-0.8ubuntu3
2024-06-27 14:08:14 status half-installed libdb5.3:arm64 5.3.28+dfsg1-0.8ubuntu3
2024-06-27 14:08:14 status unpacked libdb5.3:arm64 5.3.28+dfsg1-0.8ubuntu3
2024-06-27 14:08:14 install libdebconfclient0:arm64 <none> 0.261ubuntu1
2024-06-27 14:08:14 status half-installed libdebconfclient0:arm64 0.261ubuntu1
2024-06-27 14:08:14 status unpacked libdebconfclient0:arm64 0.261ubuntu1
2024-06-27 14:08:14 install libext2fs2:arm64 <none> 1.46.5-2ubuntu1
2024-06-27 14:08:14 status half-installed libext2fs2:arm64 1.46.5-2ubuntu1
2024-06-27 14:08:14 status unpacked libext2fs2:arm64 1.46.5-2ubuntu1
2024-06-27 14:08:14 install libgcc-s1:arm64 <none> 12-20220319-1ubuntu1
2024-06-27 14:08:14 status half-installed libgcc-s1:arm64 12-20220319-1ubuntu1
2024-06-27 14:08:14 status unpacked libgcc-s1:arm64 12-20220319-1ubuntu1
2024-06-27 14:08:14 install libgcrypt20:arm64 <none> 1.9.4-3ubuntu3
2024-06-27 14:08:14 status half-installed libgcrypt20:arm64 1.9.4-3ubuntu3
2024-06-27 14:08:14 status unpacked libgcrypt20:arm64 1.9.4-3ubuntu3
2024-06-27 14:08:14 install libgmp10:arm64 <none> 2:6.2.1+dfsg-3ubuntu1
2024-06-27 14:08:14 status half-installed libgmp10:arm64 2:6.2.1+dfsg-3ubuntu1
2024-06-27 14:08:14 status unpacked libgmp10:arm64 2:6.2.1+dfsg-3ubuntu1
2024-06-27 14:08:14 install libgpg-error0:arm64 <none> 1.43-3
2024-06-27 14:08:14 status half-installed libgpg-error0:arm64 1.43-3
2024-06-27 14:08:14 status unpacked libgpg-error0:arm64 1.43-3
2024-06-27 14:08:14 install libgssapi-krb5-2:arm64 <none> 1.19.2-2
2024-06-27 14:08:14 status half-installed libgssapi-krb5-2:arm64 1.19.2-2
2024-06-27 14:08:14 status unpacked libgssapi-krb5-2:arm64 1.19.2-2
2024-06-27 14:08:14 install libk5crypto3:arm64 <none> 1.19.2-2
2024-06-27 14:08:14 status half-installed libk5crypto3:arm64 1.19.2-2
2024-06-27 14:08:14 status unpacked libk5crypto3:arm64 1.19.2-2
2024-06-27 14:08:14 install libkeyutils1:arm64 <none> 1.6.1-2ubuntu3
2024-06-27 14:08:14 status half-installed libkeyutils1:arm64 1.6.1-2ubuntu3
2024-06-27 14:08:14 status unpacked libkeyutils1:arm64 1.6.1-2ubuntu3
2024-06-27 14:08:14 install libkrb5-3:arm64 <none> 1.19.2-2
2024-06-27 14:08:14 status half-installed libkrb5-3:arm64 1.19.2-2
2024-06-27 14:08:14 status unpacked libkrb5-3:arm64 1.19.2-2
2024-06-27 14:08:14 install libkrb5support0:arm64 <none> 1.19.2-2
2024-06-27 14:08:14 status half-installed libkrb5support0:arm64 1.19.2-2
2024-06-27 14:08:14 status unpacked libkrb5support0:arm64 1.19.2-2
2024-06-27 14:08:15 install liblz4-1:arm64 <none> 1.9.3-2build2
2024-06-27 14:08:15 status half-installed liblz4-1:arm64 1.9.3-2build2
2024-06-27 14:08:15 status unpacked liblz4-1:arm64 1.9.3-2build2
2024-06-27 14:08:15 install liblzma5:arm64 <none> 5.2.5-2ubuntu1
2024-06-27 14:08:15 status half-installed liblzma5:arm64 5.2.5-2ubuntu1
2024-06-27 14:08:15 status unpacked liblzma5:arm64 5.2.5-2ubuntu1
2024-06-27 14:08:15 install libmount1:arm64 <none> 2.37.2-4ubuntu3
2024-06-27 14:08:15 status half-installed libmount1:arm64 2.37.2-4ubuntu3
2024-06-27 14:08:15 status unpacked libmount1:arm64 2.37.2-4ubuntu3
2024-06-27 14:08:15 install libncurses6:arm64 <none> 6.3-2
2024-06-27 14:08:15 status half-installed libncurses6:arm64 6.3-2
2024-06-27 14:08:15 status unpacked libncurses6:arm64 6.3-2
2024-06-27 14:08:15 install libncursesw6:arm64 <none> 6.3-2
2024-06-27 14:08:15 status half-installed libncursesw6:arm64 6.3-2
2024-06-27 14:08:15 status unpacked libncursesw6:arm64 6.3-2
2024-06-27 14:08:15 install libnsl2:arm64 <none> 1.3.0-2build2
2024-06-27 14:08:15 status half-installed libnsl2:arm64 1.3.0-2build2
2024-06-27 14:08:15 status unpacked libnsl2:arm64 1.3.0-2build2
2024-06-27 14:08:15 install libpam-modules:arm64 <none> 1.4.0-11ubuntu2
2024-06-27 14:08:15 status half-installed libpam-modules:arm64 1.4.0-11ubuntu2
2024-06-27 14:08:15 status unpacked libpam-modules:arm64 1.4.0-11ubuntu2
2024-06-27 14:08:15 install libpam-modules-bin:arm64 <none> 1.4.0-11ubuntu2
2024-06-27 14:08:15 status half-installed libpam-modules-bin:arm64 1.4.0-11ubuntu2
2024-06-27 14:08:15 status unpacked libpam-modules-bin:arm64 1.4.0-11ubuntu2
2024-06-27 14:08:15 install libpam-runtime:all <none> 1.4.0-11ubuntu2
2024-06-27 14:08:15 status half-installed libpam-runtime:all 1.4.0-11ubuntu2
2024-06-27 14:08:15 status unpacked libpam-runtime:all 1.4.0-11ubuntu2
2024-06-27 14:08:15 install libpam0g:arm64 <none> 1.4.0-11ubuntu2
2024-06-27 14:08:15 status half-installed libpam0g:arm64 1.4.0-11ubuntu2
2024-06-27 14:08:15 status unpacked libpam0g:arm64 1.4.0-11ubuntu2
2024-06-27 14:08:15 install libpcre2-8-0:arm64 <none> 10.39-3build1
2024-06-27 14:08:15 status half-installed libpcre2-8-0:arm64 10.39-3build1
2024-06-27 14:08:15 status unpacked libpcre2-8-0:arm64 10.39-3build1
2024-06-27 14:08:15 install libpcre3:arm64 <none> 2:8.39-13build5
2024-06-27 14:08:15 status half-installed libpcre3:arm64 2:8.39-13build5
2024-06-27 14:08:15 status unpacked libpcre3:arm64 2:8.39-13build5
2024-06-27 14:08:15 install libprocps8:arm64 <none> 2:3.3.17-6ubuntu2
2024-06-27 14:08:15 status half-installed libprocps8:arm64 2:3.3.17-6ubuntu2
2024-06-27 14:08:15 status unpacked libprocps8:arm64 2:3.3.17-6ubuntu2
2024-06-27 14:08:15 install libselinux1:arm64 <none> 3.3-1build2
2024-06-27 14:08:15 status half-installed libselinux1:arm64 3.3-1build2
2024-06-27 14:08:15 status unpacked libselinux1:arm64 3.3-1build2
2024-06-27 14:08:15 install libsemanage-common:all <none> 3.3-1build2
2024-06-27 14:08:15 status half-installed libsemanage-common:all 3.3-1build2
2024-06-27 14:08:15 status unpacked libsemanage-common:all 3.3-1build2
2024-06-27 14:08:15 install libsemanage2:arm64 <none> 3.3-1build2
2024-06-27 14:08:15 status half-installed libsemanage2:arm64 3.3-1build2
2024-06-27 14:08:15 status unpacked libsemanage2:arm64 3.3-1build2
2024-06-27 14:08:15 install libsepol2:arm64 <none> 3.3-1build1
2024-06-27 14:08:15 status half-installed libsepol2:arm64 3.3-1build1
2024-06-27 14:08:15 status unpacked libsepol2:arm64 3.3-1build1
2024-06-27 14:08:15 install libsmartcols1:arm64 <none> 2.37.2-4ubuntu3
2024-06-27 14:08:15 status half-installed libsmartcols1:arm64 2.37.2-4ubuntu3
2024-06-27 14:08:15 status unpacked libsmartcols1:arm64 2.37.2-4ubuntu3
2024-06-27 14:08:15 install libss2:arm64 <none> 1.46.5-2ubuntu1
2024-06-27 14:08:15 status half-installed libss2:arm64 1.46.5-2ubuntu1
2024-06-27 14:08:15 status unpacked libss2:arm64 1.46.5-2ubuntu1
2024-06-27 14:08:15 install libssl3:arm64 <none> 3.0.2-0ubuntu1
2024-06-27 14:08:15 status half-installed libssl3:arm64 3.0.2-0ubuntu1
2024-06-27 14:08:15 status unpacked libssl3:arm64 3.0.2-0ubuntu1
2024-06-27 14:08:15 install libsystemd0:arm64 <none> 249.11-0ubuntu3
2024-06-27 14:08:15 status half-installed libsystemd0:arm64 249.11-0ubuntu3
2024-06-27 14:08:15 status unpacked libsystemd0:arm64 249.11-0ubuntu3
2024-06-27 14:08:15 install libtinfo6:arm64 <none> 6.3-2
2024-06-27 14:08:15 status half-installed libtinfo6:arm64 6.3-2
2024-06-27 14:08:15 status unpacked libtinfo6:arm64 6.3-2
2024-06-27 14:08:15 install libtirpc-common:all <none> 1.3.2-2build1
2024-06-27 14:08:15 status half-installed libtirpc-common:all 1.3.2-2build1
2024-06-27 14:08:15 status unpacked libtirpc-common:all 1.3.2-2build1
2024-06-27 14:08:15 install libtirpc3:arm64 <none> 1.3.2-2build1
2024-06-27 14:08:15 status half-installed libtirpc3:arm64 1.3.2-2build1
2024-06-27 14:08:15 status unpacked libtirpc3:arm64 1.3.2-2build1
2024-06-27 14:08:15 install libudev1:arm64 <none> 249.11-0ubuntu3
2024-06-27 14:08:15 status half-installed libudev1:arm64 249.11-0ubuntu3
2024-06-27 14:08:15 status unpacked libudev1:arm64 249.11-0ubuntu3
2024-06-27 14:08:15 install libuuid1:arm64 <none> 2.37.2-4ubuntu3
2024-06-27 14:08:15 status half-installed libuuid1:arm64 2.37.2-4ubuntu3
2024-06-27 14:08:15 status unpacked libuuid1:arm64 2.37.2-4ubuntu3
2024-06-27 14:08:15 install libzstd1:arm64 <none> 1.4.8+dfsg-3build1
2024-06-27 14:08:15 status half-installed libzstd1:arm64 1.4.8+dfsg-3build1
2024-06-27 14:08:15 status unpacked libzstd1:arm64 1.4.8+dfsg-3build1
2024-06-27 14:08:15 install login:arm64 <none> 1:4.8.1-2ubuntu2
2024-06-27 14:08:15 status half-installed login:arm64 1:4.8.1-2ubuntu2
2024-06-27 14:08:16 status unpacked login:arm64 1:4.8.1-2ubuntu2
2024-06-27 14:08:16 install logsave:arm64 <none> 1.46.5-2ubuntu1
2024-06-27 14:08:16 status half-installed logsave:arm64 1.46.5-2ubuntu1
2024-06-27 14:08:16 status unpacked logsave:arm64 1.46.5-2ubuntu1
2024-06-27 14:08:16 install lsb-base:all <none> 11.1.0ubuntu4
2024-06-27 14:08:16 status half-installed lsb-base:all 11.1.0ubuntu4
2024-06-27 14:08:16 status unpacked lsb-base:all 11.1.0ubuntu4
2024-06-27 14:08:16 upgrade mawk:arm64 1.3.4.20200120-3 1.3.4.20200120-3
2024-06-27 14:08:16 status half-configured mawk:arm64 1.3.4.20200120-3
2024-06-27 14:08:16 status unpacked mawk:arm64 1.3.4.20200120-3
2024-06-27 14:08:16 status half-installed mawk:arm64 1.3.4.20200120-3
2024-06-27 14:08:16 status unpacked mawk:arm64 1.3.4.20200120-3
2024-06-27 14:08:16 install mount:arm64 <none> 2.37.2-4ubuntu3
2024-06-27 14:08:16 status half-installed mount:arm64 2.37.2-4ubuntu3
2024-06-27 14:08:16 status unpacked mount:arm64 2.37.2-4ubuntu3
2024-06-27 14:08:16 install ncurses-base:all <none> 6.3-2
2024-06-27 14:08:16 status half-installed ncurses-base:all 6.3-2
2024-06-27 14:08:16 status unpacked ncurses-base:all 6.3-2
2024-06-27 14:08:16 install ncurses-bin:arm64 <none> 6.3-2
2024-06-27 14:08:16 status half-installed ncurses-bin:arm64 6.3-2
2024-06-27 14:08:16 status unpacked ncurses-bin:arm64 6.3-2
2024-06-27 14:08:16 install passwd:arm64 <none> 1:4.8.1-2ubuntu2
2024-06-27 14:08:16 status half-installed passwd:arm64 1:4.8.1-2ubuntu2
2024-06-27 14:08:16 status unpacked passwd:arm64 1:4.8.1-2ubuntu2
2024-06-27 14:08:16 upgrade perl-base:arm64 5.34.0-3ubuntu1 5.34.0-3ubuntu1
2024-06-27 14:08:16 status half-configured perl-base:arm64 5.34.0-3ubuntu1
2024-06-27 14:08:16 status unpacked perl-base:arm64 5.34.0-3ubuntu1
2024-06-27 14:08:16 status half-installed perl-base:arm64 5.34.0-3ubuntu1
2024-06-27 14:08:16 status unpacked perl-base:arm64 5.34.0-3ubuntu1
2024-06-27 14:08:16 install procps:arm64 <none> 2:3.3.17-6ubuntu2
2024-06-27 14:08:16 status half-installed procps:arm64 2:3.3.17-6ubuntu2
2024-06-27 14:08:16 status unpacked procps:arm64 2:3.3.17-6ubuntu2
2024-06-27 14:08:16 install sed:arm64 <none> 4.8-1ubuntu2
2024-06-27 14:08:16 status half-installed sed:arm64 4.8-1ubuntu2
2024-06-27 14:08:16 status unpacked sed:arm64 4.8-1ubuntu2
2024-06-27 14:08:16 install sensible-utils:all <none> 0.0.17
2024-06-27 14:08:16 status half-installed sensible-utils:all 0.0.17
2024-06-27 14:08:16 status unpacked sensible-utils:all 0.0.17
2024-06-27 14:08:16 install sysvinit-utils:arm64 <none> 3.01-1ubuntu1
2024-06-27 14:08:16 status half-installed sysvinit-utils:arm64 3.01-1ubuntu1
2024-06-27 14:08:16 status unpacked sysvinit-utils:arm64 3.01-1ubuntu1
2024-06-27 14:08:16 install tar:arm64 <none> 1.34+dfsg-1build3
2024-06-27 14:08:16 status half-installed tar:arm64 1.34+dfsg-1build3
2024-06-27 14:08:16 status unpacked tar:arm64 1.34+dfsg-1build3
2024-06-27 14:08:16 install usrmerge:all <none> 25ubuntu2
2024-06-27 14:08:16 status half-installed usrmerge:all 25ubuntu2
2024-06-27 14:08:16 status unpacked usrmerge:all 25ubuntu2
2024-06-27 14:08:16 install util-linux:arm64 <none> 2.37.2-4ubuntu3
2024-06-27 14:08:16 status half-installed util-linux:arm64 2.37.2-4ubuntu3
2024-06-27 14:08:16 status unpacked util-linux:arm64 2.37.2-4ubuntu3
2024-06-27 14:08:16 install zlib1g:arm64 <none> 1:1.2.11.dfsg-2ubuntu9
2024-06-27 14:08:16 status half-installed zlib1g:arm64 1:1.2.11.dfsg-2ubuntu9
2024-06-27 14:08:16 status unpacked zlib1g:arm64 1:1.2.11.dfsg-2ubuntu9
2024-06-27 14:08:17 startup packages configure
2024-06-27 14:08:17 configure lsb-base:all 11.1.0ubuntu4 <none>
2024-06-27 14:08:17 status unpacked lsb-base:all 11.1.0ubuntu4
2024-06-27 14:08:17 status half-configured lsb-base:all 11.1.0ubuntu4
2024-06-27 14:08:17 status installed lsb-base:all 11.1.0ubuntu4
2024-06-27 14:08:17 configure libtirpc-common:all 1.3.2-2build1 <none>
2024-06-27 14:08:17 status unpacked libtirpc-common:all 1.3.2-2build1
2024-06-27 14:08:17 status half-configured libtirpc-common:all 1.3.2-2build1
2024-06-27 14:08:17 status installed libtirpc-common:all 1.3.2-2build1
2024-06-27 14:08:17 configure libaudit-common:all 1:3.0.7-1build1 <none>
2024-06-27 14:08:17 status unpacked libaudit-common:all 1:3.0.7-1build1
2024-06-27 14:08:17 status half-configured libaudit-common:all 1:3.0.7-1build1
2024-06-27 14:08:17 status installed libaudit-common:all 1:3.0.7-1build1
2024-06-27 14:08:17 configure libsemanage-common:all 3.3-1build2 <none>
2024-06-27 14:08:17 status unpacked libsemanage-common:all 3.3-1build2
2024-06-27 14:08:17 status half-configured libsemanage-common:all 3.3-1build2
2024-06-27 14:08:17 status installed libsemanage-common:all 3.3-1build2
2024-06-27 14:08:17 configure gcc-12-base:arm64 12-20220319-1ubuntu1 <none>
2024-06-27 14:08:17 status unpacked gcc-12-base:arm64 12-20220319-1ubuntu1
2024-06-27 14:08:17 status half-configured gcc-12-base:arm64 12-20220319-1ubuntu1
2024-06-27 14:08:17 status installed gcc-12-base:arm64 12-20220319-1ubuntu1
2024-06-27 14:08:17 configure ncurses-base:all 6.3-2 <none>
2024-06-27 14:08:17 status unpacked ncurses-base:all 6.3-2
2024-06-27 14:08:17 status half-configured ncurses-base:all 6.3-2
2024-06-27 14:08:17 status installed ncurses-base:all 6.3-2
2024-06-27 14:08:17 configure sensible-utils:all 0.0.17 <none>
2024-06-27 14:08:17 status unpacked sensible-utils:all 0.0.17
2024-06-27 14:08:17 status half-configured sensible-utils:all 0.0.17
2024-06-27 14:08:17 status installed sensible-utils:all 0.0.17
2024-06-27 14:08:17 configure libcrypt1:arm64 1:4.4.27-1 <none>
2024-06-27 14:08:17 status unpacked libcrypt1:arm64 1:4.4.27-1
2024-06-27 14:08:17 status half-configured libcrypt1:arm64 1:4.4.27-1
2024-06-27 14:08:17 status installed libcrypt1:arm64 1:4.4.27-1
2024-06-27 14:08:17 configure libgcc-s1:arm64 12-20220319-1ubuntu1 <none>
2024-06-27 14:08:17 status unpacked libgcc-s1:arm64 12-20220319-1ubuntu1
2024-06-27 14:08:17 status half-configured libgcc-s1:arm64 12-20220319-1ubuntu1
2024-06-27 14:08:17 status installed libgcc-s1:arm64 12-20220319-1ubuntu1
2024-06-27 14:08:17 configure libc6:arm64 2.35-0ubuntu3 <none>
2024-06-27 14:08:17 status unpacked libc6:arm64 2.35-0ubuntu3
2024-06-27 14:08:17 status half-configured libc6:arm64 2.35-0ubuntu3
2024-06-27 14:08:17 status installed libc6:arm64 2.35-0ubuntu3
2024-06-27 14:08:17 configure libudev1:arm64 249.11-0ubuntu3 <none>
2024-06-27 14:08:17 status unpacked libudev1:arm64 249.11-0ubuntu3
2024-06-27 14:08:17 status half-configured libudev1:arm64 249.11-0ubuntu3
2024-06-27 14:08:17 status installed libudev1:arm64 249.11-0ubuntu3
2024-06-27 14:08:17 configure libattr1:arm64 1:2.5.1-1build1 <none>
2024-06-27 14:08:17 status unpacked libattr1:arm64 1:2.5.1-1build1
2024-06-27 14:08:17 status half-configured libattr1:arm64 1:2.5.1-1build1
2024-06-27 14:08:17 status installed libattr1:arm64 1:2.5.1-1build1
2024-06-27 14:08:17 configure sysvinit-utils:arm64 3.01-1ubuntu1 <none>
2024-06-27 14:08:17 status unpacked sysvinit-utils:arm64 3.01-1ubuntu1
2024-06-27 14:08:17 status half-configured sysvinit-utils:arm64 3.01-1ubuntu1
2024-06-27 14:08:17 status installed sysvinit-utils:arm64 3.01-1ubuntu1
2024-06-27 14:08:17 configure debianutils:arm64 5.5-1ubuntu2 <none>
2024-06-27 14:08:17 status unpacked debianutils:arm64 5.5-1ubuntu2
2024-06-27 14:08:17 status half-configured debianutils:arm64 5.5-1ubuntu2
2024-06-27 14:08:17 status installed debianutils:arm64 5.5-1ubuntu2
2024-06-27 14:08:17 configure mawk:arm64 1.3.4.20200120-3 <none>
2024-06-27 14:08:17 status unpacked mawk:arm64 1.3.4.20200120-3
2024-06-27 14:08:17 status half-configured mawk:arm64 1.3.4.20200120-3
2024-06-27 14:08:17 status installed mawk:arm64 1.3.4.20200120-3
2024-06-27 14:08:17 configure libdebconfclient0:arm64 0.261ubuntu1 <none>
2024-06-27 14:08:17 status unpacked libdebconfclient0:arm64 0.261ubuntu1
2024-06-27 14:08:17 status half-configured libdebconfclient0:arm64 0.261ubuntu1
2024-06-27 14:08:17 status installed libdebconfclient0:arm64 0.261ubuntu1
2024-06-27 14:08:17 configure base-files:arm64 12ubuntu4 <none>
2024-06-27 14:08:17 status unpacked base-files:arm64 12ubuntu4
2024-06-27 14:08:17 status half-configured base-files:arm64 12ubuntu4
2024-06-27 14:08:17 status installed base-files:arm64 12ubuntu4
2024-06-27 14:08:17 configure libbz2-1.0:arm64 1.0.8-5build1 <none>
2024-06-27 14:08:17 status unpacked libbz2-1.0:arm64 1.0.8-5build1
2024-06-27 14:08:17 status half-configured libbz2-1.0:arm64 1.0.8-5build1
2024-06-27 14:08:17 status installed libbz2-1.0:arm64 1.0.8-5build1
2024-06-27 14:08:17 configure base-passwd:arm64 3.5.52build1 <none>
2024-06-27 14:08:17 status unpacked base-passwd:arm64 3.5.52build1
2024-06-27 14:08:17 status half-configured base-passwd:arm64 3.5.52build1
2024-06-27 14:08:17 status installed base-passwd:arm64 3.5.52build1
2024-06-27 14:08:17 configure libdb5.3:arm64 5.3.28+dfsg1-0.8ubuntu3 <none>
2024-06-27 14:08:17 status unpacked libdb5.3:arm64 5.3.28+dfsg1-0.8ubuntu3
2024-06-27 14:08:17 status half-configured libdb5.3:arm64 5.3.28+dfsg1-0.8ubuntu3
2024-06-27 14:08:17 status installed libdb5.3:arm64 5.3.28+dfsg1-0.8ubuntu3
2024-06-27 14:08:17 configure libblkid1:arm64 2.37.2-4ubuntu3 <none>
2024-06-27 14:08:17 status unpacked libblkid1:arm64 2.37.2-4ubuntu3
2024-06-27 14:08:17 status half-configured libblkid1:arm64 2.37.2-4ubuntu3
2024-06-27 14:08:17 status installed libblkid1:arm64 2.37.2-4ubuntu3
2024-06-27 14:08:17 configure libtinfo6:arm64 6.3-2 <none>
2024-06-27 14:08:17 status unpacked libtinfo6:arm64 6.3-2
2024-06-27 14:08:17 status half-configured libtinfo6:arm64 6.3-2
2024-06-27 14:08:17 status installed libtinfo6:arm64 6.3-2
2024-06-27 14:08:17 configure bash:arm64 5.1-6ubuntu1 <none>
2024-06-27 14:08:17 status unpacked bash:arm64 5.1-6ubuntu1
2024-06-27 14:08:17 status half-configured bash:arm64 5.1-6ubuntu1
2024-06-27 14:08:18 status installed bash:arm64 5.1-6ubuntu1
2024-06-27 14:08:18 configure libzstd1:arm64 1.4.8+dfsg-3build1 <none>
2024-06-27 14:08:18 status unpacked libzstd1:arm64 1.4.8+dfsg-3build1
2024-06-27 14:08:18 status half-configured libzstd1:arm64 1.4.8+dfsg-3build1
2024-06-27 14:08:18 status installed libzstd1:arm64 1.4.8+dfsg-3build1
2024-06-27 14:08:18 configure libkeyutils1:arm64 1.6.1-2ubuntu3 <none>
2024-06-27 14:08:18 status unpacked libkeyutils1:arm64 1.6.1-2ubuntu3
2024-06-27 14:08:18 status half-configured libkeyutils1:arm64 1.6.1-2ubuntu3
2024-06-27 14:08:18 status installed libkeyutils1:arm64 1.6.1-2ubuntu3
2024-06-27 14:08:18 configure liblzma5:arm64 5.2.5-2ubuntu1 <none>
2024-06-27 14:08:18 status unpacked liblzma5:arm64 5.2.5-2ubuntu1
2024-06-27 14:08:18 status half-configured liblzma5:arm64 5.2.5-2ubuntu1
2024-06-27 14:08:18 status installed liblzma5:arm64 5.2.5-2ubuntu1
2024-06-27 14:08:18 configure libgpg-error0:arm64 1.43-3 <none>
2024-06-27 14:08:18 status unpacked libgpg-error0:arm64 1.43-3
2024-06-27 14:08:18 status half-configured libgpg-error0:arm64 1.43-3
2024-06-27 14:08:18 status installed libgpg-error0:arm64 1.43-3
2024-06-27 14:08:18 configure liblz4-1:arm64 1.9.3-2build2 <none>
2024-06-27 14:08:18 status unpacked liblz4-1:arm64 1.9.3-2build2
2024-06-27 14:08:18 status half-configured liblz4-1:arm64 1.9.3-2build2
2024-06-27 14:08:18 status installed liblz4-1:arm64 1.9.3-2build2
2024-06-27 14:08:18 configure libc-bin:arm64 2.35-0ubuntu3 <none>
2024-06-27 14:08:18 status unpacked libc-bin:arm64 2.35-0ubuntu3
2024-06-27 14:08:18 status half-configured libc-bin:arm64 2.35-0ubuntu3
2024-06-27 14:08:18 status installed libc-bin:arm64 2.35-0ubuntu3
2024-06-27 14:08:18 configure ncurses-bin:arm64 6.3-2 <none>
2024-06-27 14:08:18 status unpacked ncurses-bin:arm64 6.3-2
2024-06-27 14:08:18 status half-configured ncurses-bin:arm64 6.3-2
2024-06-27 14:08:18 status installed ncurses-bin:arm64 6.3-2
2024-06-27 14:08:18 configure libacl1:arm64 2.3.1-1 <none>
2024-06-27 14:08:18 status triggers-pending libc-bin:arm64 2.35-0ubuntu3
2024-06-27 14:08:18 status unpacked libacl1:arm64 2.3.1-1
2024-06-27 14:08:18 status half-configured libacl1:arm64 2.3.1-1
2024-06-27 14:08:18 status installed libacl1:arm64 2.3.1-1
2024-06-27 14:08:18 configure libsmartcols1:arm64 2.37.2-4ubuntu3 <none>
2024-06-27 14:08:18 status unpacked libsmartcols1:arm64 2.37.2-4ubuntu3
2024-06-27 14:08:18 status half-configured libsmartcols1:arm64 2.37.2-4ubuntu3
2024-06-27 14:08:18 status installed libsmartcols1:arm64 2.37.2-4ubuntu3
2024-06-27 14:08:18 configure libgcrypt20:arm64 1.9.4-3ubuntu3 <none>
2024-06-27 14:08:18 status unpacked libgcrypt20:arm64 1.9.4-3ubuntu3
2024-06-27 14:08:18 status half-configured libgcrypt20:arm64 1.9.4-3ubuntu3
2024-06-27 14:08:18 status installed libgcrypt20:arm64 1.9.4-3ubuntu3
2024-06-27 14:08:18 configure zlib1g:arm64 1:1.2.11.dfsg-2ubuntu9 <none>
2024-06-27 14:08:18 status unpacked zlib1g:arm64 1:1.2.11.dfsg-2ubuntu9
2024-06-27 14:08:18 status half-configured zlib1g:arm64 1:1.2.11.dfsg-2ubuntu9
2024-06-27 14:08:18 status installed zlib1g:arm64 1:1.2.11.dfsg-2ubuntu9
2024-06-27 14:08:18 configure libcom-err2:arm64 1.46.5-2ubuntu1 <none>
2024-06-27 14:08:18 status unpacked libcom-err2:arm64 1.46.5-2ubuntu1
2024-06-27 14:08:18 status half-configured libcom-err2:arm64 1.46.5-2ubuntu1
2024-06-27 14:08:18 status installed libcom-err2:arm64 1.46.5-2ubuntu1
2024-06-27 14:08:18 configure diffutils:arm64 1:3.8-0ubuntu2 <none>
2024-06-27 14:08:18 status unpacked diffutils:arm64 1:3.8-0ubuntu2
2024-06-27 14:08:18 status half-configured diffutils:arm64 1:3.8-0ubuntu2
2024-06-27 14:08:18 status installed diffutils:arm64 1:3.8-0ubuntu2
2024-06-27 14:08:18 configure libcap2:arm64 1:2.44-1build3 <none>
2024-06-27 14:08:18 status unpacked libcap2:arm64 1:2.44-1build3
2024-06-27 14:08:18 status half-configured libcap2:arm64 1:2.44-1build3
2024-06-27 14:08:18 status installed libcap2:arm64 1:2.44-1build3
2024-06-27 14:08:18 configure libkrb5support0:arm64 1.19.2-2 <none>
2024-06-27 14:08:18 status unpacked libkrb5support0:arm64 1.19.2-2
2024-06-27 14:08:18 status half-configured libkrb5support0:arm64 1.19.2-2
2024-06-27 14:08:18 status installed libkrb5support0:arm64 1.19.2-2
2024-06-27 14:08:18 configure hostname:arm64 3.23ubuntu2 <none>
2024-06-27 14:08:18 status unpacked hostname:arm64 3.23ubuntu2
2024-06-27 14:08:18 status half-configured hostname:arm64 3.23ubuntu2
2024-06-27 14:08:18 status installed hostname:arm64 3.23ubuntu2
2024-06-27 14:08:18 configure libpcre3:arm64 2:8.39-13build5 <none>
2024-06-27 14:08:18 status unpacked libpcre3:arm64 2:8.39-13build5
2024-06-27 14:08:18 status half-configured libpcre3:arm64 2:8.39-13build5
2024-06-27 14:08:18 status installed libpcre3:arm64 2:8.39-13build5
2024-06-27 14:08:18 configure libcap-ng0:arm64 0.7.9-2.2build3 <none>
2024-06-27 14:08:18 status unpacked libcap-ng0:arm64 0.7.9-2.2build3
2024-06-27 14:08:18 status half-configured libcap-ng0:arm64 0.7.9-2.2build3
2024-06-27 14:08:18 status installed libcap-ng0:arm64 0.7.9-2.2build3
2024-06-27 14:08:18 configure libext2fs2:arm64 1.46.5-2ubuntu1 <none>
2024-06-27 14:08:18 status unpacked libext2fs2:arm64 1.46.5-2ubuntu1
2024-06-27 14:08:18 status half-configured libext2fs2:arm64 1.46.5-2ubuntu1
2024-06-27 14:08:18 status installed libext2fs2:arm64 1.46.5-2ubuntu1
2024-06-27 14:08:18 configure libgmp10:arm64 2:6.2.1+dfsg-3ubuntu1 <none>
2024-06-27 14:08:18 status unpacked libgmp10:arm64 2:6.2.1+dfsg-3ubuntu1
2024-06-27 14:08:18 status half-configured libgmp10:arm64 2:6.2.1+dfsg-3ubuntu1
2024-06-27 14:08:18 status installed libgmp10:arm64 2:6.2.1+dfsg-3ubuntu1
2024-06-27 14:08:18 configure libncurses6:arm64 6.3-2 <none>
2024-06-27 14:08:18 status unpacked libncurses6:arm64 6.3-2
2024-06-27 14:08:18 status half-configured libncurses6:arm64 6.3-2
2024-06-27 14:08:18 status installed libncurses6:arm64 6.3-2
2024-06-27 14:08:18 configure libaudit1:arm64 1:3.0.7-1build1 <none>
2024-06-27 14:08:18 status unpacked libaudit1:arm64 1:3.0.7-1build1
2024-06-27 14:08:18 status half-configured libaudit1:arm64 1:3.0.7-1build1
2024-06-27 14:08:18 status installed libaudit1:arm64 1:3.0.7-1build1
2024-06-27 14:08:18 configure libuuid1:arm64 2.37.2-4ubuntu3 <none>
2024-06-27 14:08:18 status unpacked libuuid1:arm64 2.37.2-4ubuntu3
2024-06-27 14:08:18 status half-configured libuuid1:arm64 2.37.2-4ubuntu3
2024-06-27 14:08:18 status installed libuuid1:arm64 2.37.2-4ubuntu3
2024-06-27 14:08:18 configure libss2:arm64 1.46.5-2ubuntu1 <none>
2024-06-27 14:08:18 status unpacked libss2:arm64 1.46.5-2ubuntu1
2024-06-27 14:08:18 status half-configured libss2:arm64 1.46.5-2ubuntu1
2024-06-27 14:08:18 status installed libss2:arm64 1.46.5-2ubuntu1
2024-06-27 14:08:18 configure libsepol2:arm64 3.3-1build1 <none>
2024-06-27 14:08:18 status unpacked libsepol2:arm64 3.3-1build1
2024-06-27 14:08:18 status half-configured libsepol2:arm64 3.3-1build1
2024-06-27 14:08:18 status installed libsepol2:arm64 3.3-1build1
2024-06-27 14:08:18 configure libpcre2-8-0:arm64 10.39-3build1 <none>
2024-06-27 14:08:18 status unpacked libpcre2-8-0:arm64 10.39-3build1
2024-06-27 14:08:18 status half-configured libpcre2-8-0:arm64 10.39-3build1
2024-06-27 14:08:18 status installed libpcre2-8-0:arm64 10.39-3build1
2024-06-27 14:08:18 configure libncursesw6:arm64 6.3-2 <none>
2024-06-27 14:08:18 status unpacked libncursesw6:arm64 6.3-2
2024-06-27 14:08:18 status half-configured libncursesw6:arm64 6.3-2
2024-06-27 14:08:18 status installed libncursesw6:arm64 6.3-2
2024-06-27 14:08:18 configure libk5crypto3:arm64 1.19.2-2 <none>
2024-06-27 14:08:18 status unpacked libk5crypto3:arm64 1.19.2-2
2024-06-27 14:08:18 status half-configured libk5crypto3:arm64 1.19.2-2
2024-06-27 14:08:18 status installed libk5crypto3:arm64 1.19.2-2
2024-06-27 14:08:18 configure logsave:arm64 1.46.5-2ubuntu1 <none>
2024-06-27 14:08:18 status unpacked logsave:arm64 1.46.5-2ubuntu1
2024-06-27 14:08:18 status half-configured logsave:arm64 1.46.5-2ubuntu1
2024-06-27 14:08:18 status installed logsave:arm64 1.46.5-2ubuntu1
2024-06-27 14:08:18 configure e2fsprogs:arm64 1.46.5-2ubuntu1 <none>
2024-06-27 14:08:18 status unpacked e2fsprogs:arm64 1.46.5-2ubuntu1
2024-06-27 14:08:18 status half-configured e2fsprogs:arm64 1.46.5-2ubuntu1
2024-06-27 14:08:18 status installed e2fsprogs:arm64 1.46.5-2ubuntu1
2024-06-27 14:08:18 configure libsystemd0:arm64 249.11-0ubuntu3 <none>
2024-06-27 14:08:18 status unpacked libsystemd0:arm64 249.11-0ubuntu3
2024-06-27 14:08:18 status half-configured libsystemd0:arm64 249.11-0ubuntu3
2024-06-27 14:08:18 status installed libsystemd0:arm64 249.11-0ubuntu3
2024-06-27 14:08:18 configure libselinux1:arm64 3.3-1build2 <none>
2024-06-27 14:08:18 status unpacked libselinux1:arm64 3.3-1build2
2024-06-27 14:08:18 status half-configured libselinux1:arm64 3.3-1build2
2024-06-27 14:08:18 status installed libselinux1:arm64 3.3-1build2
2024-06-27 14:08:18 configure sed:arm64 4.8-1ubuntu2 <none>
2024-06-27 14:08:18 status unpacked sed:arm64 4.8-1ubuntu2
2024-06-27 14:08:18 status half-configured sed:arm64 4.8-1ubuntu2
2024-06-27 14:08:18 status installed sed:arm64 4.8-1ubuntu2
2024-06-27 14:08:18 configure findutils:arm64 4.8.0-1ubuntu3 <none>
2024-06-27 14:08:18 status unpacked findutils:arm64 4.8.0-1ubuntu3
2024-06-27 14:08:18 status half-configured findutils:arm64 4.8.0-1ubuntu3
2024-06-27 14:08:18 status installed findutils:arm64 4.8.0-1ubuntu3
2024-06-27 14:08:18 configure libmount1:arm64 2.37.2-4ubuntu3 <none>
2024-06-27 14:08:18 status unpacked libmount1:arm64 2.37.2-4ubuntu3
2024-06-27 14:08:18 status half-configured libmount1:arm64 2.37.2-4ubuntu3
2024-06-27 14:08:18 status installed libmount1:arm64 2.37.2-4ubuntu3
2024-06-27 14:08:18 configure libsemanage2:arm64 3.3-1build2 <none>
2024-06-27 14:08:18 status unpacked libsemanage2:arm64 3.3-1build2
2024-06-27 14:08:18 status half-configured libsemanage2:arm64 3.3-1build2
2024-06-27 14:08:18 status installed libsemanage2:arm64 3.3-1build2
2024-06-27 14:08:18 configure libprocps8:arm64 2:3.3.17-6ubuntu2 <none>
2024-06-27 14:08:18 status unpacked libprocps8:arm64 2:3.3.17-6ubuntu2
2024-06-27 14:08:18 status half-configured libprocps8:arm64 2:3.3.17-6ubuntu2
2024-06-27 14:08:18 status installed libprocps8:arm64 2:3.3.17-6ubuntu2
2024-06-27 14:08:18 configure bsdutils:arm64 1:2.37.2-4ubuntu3 <none>
2024-06-27 14:08:18 status unpacked bsdutils:arm64 1:2.37.2-4ubuntu3
2024-06-27 14:08:18 status half-configured bsdutils:arm64 1:2.37.2-4ubuntu3
2024-06-27 14:08:18 status installed bsdutils:arm64 1:2.37.2-4ubuntu3
2024-06-27 14:08:18 configure tar:arm64 1.34+dfsg-1build3 <none>
2024-06-27 14:08:18 status unpacked tar:arm64 1.34+dfsg-1build3
2024-06-27 14:08:18 status half-configured tar:arm64 1.34+dfsg-1build3
2024-06-27 14:08:18 status installed tar:arm64 1.34+dfsg-1build3
2024-06-27 14:08:18 configure coreutils:arm64 8.32-4.1ubuntu1 <none>
2024-06-27 14:08:18 status unpacked coreutils:arm64 8.32-4.1ubuntu1
2024-06-27 14:08:18 status half-configured coreutils:arm64 8.32-4.1ubuntu1
2024-06-27 14:08:18 status installed coreutils:arm64 8.32-4.1ubuntu1
2024-06-27 14:08:18 configure dpkg:arm64 1.21.1ubuntu2 <none>
2024-06-27 14:08:18 status unpacked dpkg:arm64 1.21.1ubuntu2
2024-06-27 14:08:18 status half-configured dpkg:arm64 1.21.1ubuntu2
2024-06-27 14:08:18 status installed dpkg:arm64 1.21.1ubuntu2
2024-06-27 14:08:18 configure mount:arm64 2.37.2-4ubuntu3 <none>
2024-06-27 14:08:18 status unpacked mount:arm64 2.37.2-4ubuntu3
2024-06-27 14:08:18 status half-configured mount:arm64 2.37.2-4ubuntu3
2024-06-27 14:08:18 status installed mount:arm64 2.37.2-4ubuntu3
2024-06-27 14:08:18 configure grep:arm64 3.7-1build1 <none>
2024-06-27 14:08:18 status unpacked grep:arm64 3.7-1build1
2024-06-27 14:08:18 status half-configured grep:arm64 3.7-1build1
2024-06-27 14:08:18 status installed grep:arm64 3.7-1build1
2024-06-27 14:08:18 configure perl-base:arm64 5.34.0-3ubuntu1 <none>
2024-06-27 14:08:18 status unpacked perl-base:arm64 5.34.0-3ubuntu1
2024-06-27 14:08:18 status half-configured perl-base:arm64 5.34.0-3ubuntu1
2024-06-27 14:08:18 status installed perl-base:arm64 5.34.0-3ubuntu1
2024-06-27 14:08:18 configure init-system-helpers:all 1.62 <none>
2024-06-27 14:08:18 status unpacked init-system-helpers:all 1.62
2024-06-27 14:08:18 status half-configured init-system-helpers:all 1.62
2024-06-27 14:08:18 status installed init-system-helpers:all 1.62
2024-06-27 14:08:18 configure gzip:arm64 1.10-4ubuntu4 <none>
2024-06-27 14:08:18 status unpacked gzip:arm64 1.10-4ubuntu4
2024-06-27 14:08:18 status half-configured gzip:arm64 1.10-4ubuntu4
2024-06-27 14:08:18 status installed gzip:arm64 1.10-4ubuntu4
2024-06-27 14:08:18 configure usrmerge:all 25ubuntu2 <none>
2024-06-27 14:08:18 status unpacked usrmerge:all 25ubuntu2
2024-06-27 14:08:18 status half-configured usrmerge:all 25ubuntu2
2024-06-27 14:08:18 status installed usrmerge:all 25ubuntu2
2024-06-27 14:08:18 configure procps:arm64 2:3.3.17-6ubuntu2 <none>
2024-06-27 14:08:18 status unpacked procps:arm64 2:3.3.17-6ubuntu2
2024-06-27 14:08:18 status half-configured procps:arm64 2:3.3.17-6ubuntu2
2024-06-27 14:08:18 status installed procps:arm64 2:3.3.17-6ubuntu2
2024-06-27 14:08:18 configure debconf:all 1.5.79ubuntu1 <none>
2024-06-27 14:08:18 status unpacked debconf:all 1.5.79ubuntu1
2024-06-27 14:08:18 status half-configured debconf:all 1.5.79ubuntu1
2024-06-27 14:08:19 status installed debconf:all 1.5.79ubuntu1
2024-06-27 14:08:19 configure libpam0g:arm64 1.4.0-11ubuntu2 <none>
2024-06-27 14:08:19 status unpacked libpam0g:arm64 1.4.0-11ubuntu2
2024-06-27 14:08:19 status half-configured libpam0g:arm64 1.4.0-11ubuntu2
2024-06-27 14:08:19 status installed libpam0g:arm64 1.4.0-11ubuntu2
2024-06-27 14:08:19 configure util-linux:arm64 2.37.2-4ubuntu3 <none>
2024-06-27 14:08:19 status unpacked util-linux:arm64 2.37.2-4ubuntu3
2024-06-27 14:08:19 status half-configured util-linux:arm64 2.37.2-4ubuntu3
2024-06-27 14:08:19 status installed util-linux:arm64 2.37.2-4ubuntu3
2024-06-27 14:08:19 configure dash:arm64 0.5.11+git20210903+057cd650a4ed-3build1 <none>
2024-06-27 14:08:19 status unpacked dash:arm64 0.5.11+git20210903+057cd650a4ed-3build1
2024-06-27 14:08:19 status half-configured dash:arm64 0.5.11+git20210903+057cd650a4ed-3build1
2024-06-27 14:08:19 status installed dash:arm64 0.5.11+git20210903+057cd650a4ed-3build1
2024-06-27 14:08:19 configure libpam-modules-bin:arm64 1.4.0-11ubuntu2 <none>
2024-06-27 14:08:19 status unpacked libpam-modules-bin:arm64 1.4.0-11ubuntu2
2024-06-27 14:08:19 status half-configured libpam-modules-bin:arm64 1.4.0-11ubuntu2
2024-06-27 14:08:19 status installed libpam-modules-bin:arm64 1.4.0-11ubuntu2
2024-06-27 14:08:19 configure libssl3:arm64 3.0.2-0ubuntu1 <none>
2024-06-27 14:08:19 status unpacked libssl3:arm64 3.0.2-0ubuntu1
2024-06-27 14:08:19 status half-configured libssl3:arm64 3.0.2-0ubuntu1
2024-06-27 14:08:19 status installed libssl3:arm64 3.0.2-0ubuntu1
2024-06-27 14:08:19 configure libkrb5-3:arm64 1.19.2-2 <none>
2024-06-27 14:08:19 status unpacked libkrb5-3:arm64 1.19.2-2
2024-06-27 14:08:19 status half-configured libkrb5-3:arm64 1.19.2-2
2024-06-27 14:08:19 status installed libkrb5-3:arm64 1.19.2-2
2024-06-27 14:08:19 configure libgssapi-krb5-2:arm64 1.19.2-2 <none>
2024-06-27 14:08:19 status unpacked libgssapi-krb5-2:arm64 1.19.2-2
2024-06-27 14:08:19 status half-configured libgssapi-krb5-2:arm64 1.19.2-2
2024-06-27 14:08:19 status installed libgssapi-krb5-2:arm64 1.19.2-2
2024-06-27 14:08:19 configure libtirpc3:arm64 1.3.2-2build1 <none>
2024-06-27 14:08:19 status unpacked libtirpc3:arm64 1.3.2-2build1
2024-06-27 14:08:19 status half-configured libtirpc3:arm64 1.3.2-2build1
2024-06-27 14:08:19 status installed libtirpc3:arm64 1.3.2-2build1
2024-06-27 14:08:19 configure libnsl2:arm64 1.3.0-2build2 <none>
2024-06-27 14:08:19 status unpacked libnsl2:arm64 1.3.0-2build2
2024-06-27 14:08:19 status half-configured libnsl2:arm64 1.3.0-2build2
2024-06-27 14:08:19 status installed libnsl2:arm64 1.3.0-2build2
2024-06-27 14:08:19 configure libpam-modules:arm64 1.4.0-11ubuntu2 <none>
2024-06-27 14:08:19 status unpacked libpam-modules:arm64 1.4.0-11ubuntu2
2024-06-27 14:08:19 status half-configured libpam-modules:arm64 1.4.0-11ubuntu2
2024-06-27 14:08:19 status installed libpam-modules:arm64 1.4.0-11ubuntu2
2024-06-27 14:08:19 configure passwd:arm64 1:4.8.1-2ubuntu2 <none>
2024-06-27 14:08:19 status unpacked passwd:arm64 1:4.8.1-2ubuntu2
2024-06-27 14:08:19 status half-configured passwd:arm64 1:4.8.1-2ubuntu2
2024-06-27 14:08:19 status installed passwd:arm64 1:4.8.1-2ubuntu2
2024-06-27 14:08:19 configure libpam-runtime:all 1.4.0-11ubuntu2 <none>
2024-06-27 14:08:19 status unpacked libpam-runtime:all 1.4.0-11ubuntu2
2024-06-27 14:08:19 status half-configured libpam-runtime:all 1.4.0-11ubuntu2
2024-06-27 14:08:20 status installed libpam-runtime:all 1.4.0-11ubuntu2
2024-06-27 14:08:20 configure login:arm64 1:4.8.1-2ubuntu2 <none>
2024-06-27 14:08:20 status unpacked login:arm64 1:4.8.1-2ubuntu2
2024-06-27 14:08:20 status half-configured login:arm64 1:4.8.1-2ubuntu2
2024-06-27 14:08:20 status installed login:arm64 1:4.8.1-2ubuntu2
2024-06-27 14:08:20 trigproc libc-bin:arm64 2.35-0ubuntu3 <none>
2024-06-27 14:08:20 status half-configured libc-bin:arm64 2.35-0ubuntu3
2024-06-27 14:08:20 status installed libc-bin:arm64 2.35-0ubuntu3
2024-06-27 14:08:20 startup archives unpack
2024-06-27 14:08:20 install adduser:all <none> 3.118ubuntu5
2024-06-27 14:08:20 status half-installed adduser:all 3.118ubuntu5
2024-06-27 14:08:20 status unpacked adduser:all 3.118ubuntu5
2024-06-27 14:08:20 install apt:arm64 <none> 2.4.5
2024-06-27 14:08:20 status triggers-pending libc-bin:arm64 2.35-0ubuntu3
2024-06-27 14:08:20 status half-installed apt:arm64 2.4.5
2024-06-27 14:08:20 status unpacked apt:arm64 2.4.5
2024-06-27 14:08:20 install gpgv:arm64 <none> 2.2.27-3ubuntu2
2024-06-27 14:08:20 status half-installed gpgv:arm64 2.2.27-3ubuntu2
2024-06-27 14:08:20 status unpacked gpgv:arm64 2.2.27-3ubuntu2
2024-06-27 14:08:20 install libapt-pkg6.0:arm64 <none> 2.4.5
2024-06-27 14:08:20 status half-installed libapt-pkg6.0:arm64 2.4.5
2024-06-27 14:08:20 status unpacked libapt-pkg6.0:arm64 2.4.5
2024-06-27 14:08:20 install libffi8:arm64 <none> 3.4.2-4
2024-06-27 14:08:20 status half-installed libffi8:arm64 3.4.2-4
2024-06-27 14:08:20 status unpacked libffi8:arm64 3.4.2-4
2024-06-27 14:08:20 install libgnutls30:arm64 <none> 3.7.3-4ubuntu1
2024-06-27 14:08:20 status half-installed libgnutls30:arm64 3.7.3-4ubuntu1
2024-06-27 14:08:20 status unpacked libgnutls30:arm64 3.7.3-4ubuntu1
2024-06-27 14:08:20 install libhogweed6:arm64 <none> 3.7.3-1build2
2024-06-27 14:08:20 status half-installed libhogweed6:arm64 3.7.3-1build2
2024-06-27 14:08:20 status unpacked libhogweed6:arm64 3.7.3-1build2
2024-06-27 14:08:20 install libidn2-0:arm64 <none> 2.3.2-2build1
2024-06-27 14:08:20 status half-installed libidn2-0:arm64 2.3.2-2build1
2024-06-27 14:08:20 status unpacked libidn2-0:arm64 2.3.2-2build1
2024-06-27 14:08:20 install libnettle8:arm64 <none> 3.7.3-1build2
2024-06-27 14:08:20 status half-installed libnettle8:arm64 3.7.3-1build2
2024-06-27 14:08:20 status unpacked libnettle8:arm64 3.7.3-1build2
2024-06-27 14:08:20 install libp11-kit0:arm64 <none> 0.24.0-6build1
2024-06-27 14:08:20 status half-installed libp11-kit0:arm64 0.24.0-6build1
2024-06-27 14:08:20 status unpacked libp11-kit0:arm64 0.24.0-6build1
2024-06-27 14:08:20 install libseccomp2:arm64 <none> 2.5.3-2ubuntu2
2024-06-27 14:08:20 status half-installed libseccomp2:arm64 2.5.3-2ubuntu2
2024-06-27 14:08:20 status unpacked libseccomp2:arm64 2.5.3-2ubuntu2
2024-06-27 14:08:20 install libstdc++6:arm64 <none> 12-20220319-1ubuntu1
2024-06-27 14:08:20 status half-installed libstdc++6:arm64 12-20220319-1ubuntu1
2024-06-27 14:08:21 status unpacked libstdc++6:arm64 12-20220319-1ubuntu1
2024-06-27 14:08:21 install libtasn1-6:arm64 <none> 4.18.0-4build1
2024-06-27 14:08:21 status half-installed libtasn1-6:arm64 4.18.0-4build1
2024-06-27 14:08:21 status unpacked libtasn1-6:arm64 4.18.0-4build1
2024-06-27 14:08:21 install libunistring2:arm64 <none> 1.0-1
2024-06-27 14:08:21 status half-installed libunistring2:arm64 1.0-1
2024-06-27 14:08:21 status unpacked libunistring2:arm64 1.0-1
2024-06-27 14:08:21 install libxxhash0:arm64 <none> 0.8.1-1
2024-06-27 14:08:21 status half-installed libxxhash0:arm64 0.8.1-1
2024-06-27 14:08:21 status unpacked libxxhash0:arm64 0.8.1-1
2024-06-27 14:08:21 install ubuntu-keyring:all <none> 2021.03.26
2024-06-27 14:08:21 status half-installed ubuntu-keyring:all 2021.03.26
2024-06-27 14:08:21 status unpacked ubuntu-keyring:all 2021.03.26
2024-06-27 14:08:21 trigproc libc-bin:arm64 2.35-0ubuntu3 <none>
2024-06-27 14:08:21 status half-configured libc-bin:arm64 2.35-0ubuntu3
2024-06-27 14:08:21 status installed libc-bin:arm64 2.35-0ubuntu3
2024-06-27 14:08:21 startup packages configure
2024-06-27 14:08:21 configure adduser:all 3.118ubuntu5 <none>
2024-06-27 14:08:21 status unpacked adduser:all 3.118ubuntu5
2024-06-27 14:08:21 status half-configured adduser:all 3.118ubuntu5
2024-06-27 14:08:21 status installed adduser:all 3.118ubuntu5
2024-06-27 14:08:21 configure libunistring2:arm64 1.0-1 <none>
2024-06-27 14:08:21 status triggers-pending libc-bin:arm64 2.35-0ubuntu3
2024-06-27 14:08:21 status unpacked libunistring2:arm64 1.0-1
2024-06-27 14:08:21 status half-configured libunistring2:arm64 1.0-1
2024-06-27 14:08:21 status installed libunistring2:arm64 1.0-1
2024-06-27 14:08:21 configure libidn2-0:arm64 2.3.2-2build1 <none>
2024-06-27 14:08:21 status unpacked libidn2-0:arm64 2.3.2-2build1
2024-06-27 14:08:21 status half-configured libidn2-0:arm64 2.3.2-2build1
2024-06-27 14:08:21 status installed libidn2-0:arm64 2.3.2-2build1
2024-06-27 14:08:21 configure ubuntu-keyring:all 2021.03.26 <none>
2024-06-27 14:08:21 status unpacked ubuntu-keyring:all 2021.03.26
2024-06-27 14:08:21 status half-configured ubuntu-keyring:all 2021.03.26
2024-06-27 14:08:21 status installed ubuntu-keyring:all 2021.03.26
2024-06-27 14:08:21 configure libseccomp2:arm64 2.5.3-2ubuntu2 <none>
2024-06-27 14:08:21 status unpacked libseccomp2:arm64 2.5.3-2ubuntu2
2024-06-27 14:08:21 status half-configured libseccomp2:arm64 2.5.3-2ubuntu2
2024-06-27 14:08:21 status installed libseccomp2:arm64 2.5.3-2ubuntu2
2024-06-27 14:08:21 configure libnettle8:arm64 3.7.3-1build2 <none>
2024-06-27 14:08:21 status unpacked libnettle8:arm64 3.7.3-1build2
2024-06-27 14:08:21 status half-configured libnettle8:arm64 3.7.3-1build2
2024-06-27 14:08:21 status installed libnettle8:arm64 3.7.3-1build2
2024-06-27 14:08:21 configure libffi8:arm64 3.4.2-4 <none>
2024-06-27 14:08:21 status unpacked libffi8:arm64 3.4.2-4
2024-06-27 14:08:21 status half-configured libffi8:arm64 3.4.2-4
2024-06-27 14:08:21 status installed libffi8:arm64 3.4.2-4
2024-06-27 14:08:21 configure gpgv:arm64 2.2.27-3ubuntu2 <none>
2024-06-27 14:08:21 status unpacked gpgv:arm64 2.2.27-3ubuntu2
2024-06-27 14:08:21 status half-configured gpgv:arm64 2.2.27-3ubuntu2
2024-06-27 14:08:21 status installed gpgv:arm64 2.2.27-3ubuntu2
2024-06-27 14:08:21 configure libxxhash0:arm64 0.8.1-1 <none>
2024-06-27 14:08:21 status unpacked libxxhash0:arm64 0.8.1-1
2024-06-27 14:08:21 status half-configured libxxhash0:arm64 0.8.1-1
2024-06-27 14:08:21 status installed libxxhash0:arm64 0.8.1-1
2024-06-27 14:08:21 configure libtasn1-6:arm64 4.18.0-4build1 <none>
2024-06-27 14:08:21 status unpacked libtasn1-6:arm64 4.18.0-4build1
2024-06-27 14:08:21 status half-configured libtasn1-6:arm64 4.18.0-4build1
2024-06-27 14:08:21 status installed libtasn1-6:arm64 4.18.0-4build1
2024-06-27 14:08:21 configure libstdc++6:arm64 12-20220319-1ubuntu1 <none>
2024-06-27 14:08:21 status unpacked libstdc++6:arm64 12-20220319-1ubuntu1
2024-06-27 14:08:21 status half-configured libstdc++6:arm64 12-20220319-1ubuntu1
2024-06-27 14:08:21 status installed libstdc++6:arm64 12-20220319-1ubuntu1
2024-06-27 14:08:21 configure libhogweed6:arm64 3.7.3-1build2 <none>
2024-06-27 14:08:21 status unpacked libhogweed6:arm64 3.7.3-1build2
2024-06-27 14:08:21 status half-configured libhogweed6:arm64 3.7.3-1build2
2024-06-27 14:08:21 status installed libhogweed6:arm64 3.7.3-1build2
2024-06-27 14:08:21 configure libapt-pkg6.0:arm64 2.4.5 <none>
2024-06-27 14:08:21 status unpacked libapt-pkg6.0:arm64 2.4.5
2024-06-27 14:08:21 status half-configured libapt-pkg6.0:arm64 2.4.5
2024-06-27 14:08:21 status installed libapt-pkg6.0:arm64 2.4.5
2024-06-27 14:08:21 configure libp11-kit0:arm64 0.24.0-6build1 <none>
2024-06-27 14:08:21 status unpacked libp11-kit0:arm64 0.24.0-6build1
2024-06-27 14:08:21 status half-configured libp11-kit0:arm64 0.24.0-6build1
2024-06-27 14:08:21 status installed libp11-kit0:arm64 0.24.0-6build1
2024-06-27 14:08:21 configure libgnutls30:arm64 3.7.3-4ubuntu1 <none>
2024-06-27 14:08:21 status unpacked libgnutls30:arm64 3.7.3-4ubuntu1
2024-06-27 14:08:21 status half-configured libgnutls30:arm64 3.7.3-4ubuntu1
2024-06-27 14:08:21 status installed libgnutls30:arm64 3.7.3-4ubuntu1
2024-06-27 14:08:21 configure apt:arm64 2.4.5 <none>
2024-06-27 14:08:21 status unpacked apt:arm64 2.4.5
2024-06-27 14:08:21 status half-configured apt:arm64 2.4.5
2024-06-27 14:08:21 status installed apt:arm64 2.4.5
2024-06-27 14:08:21 trigproc libc-bin:arm64 2.35-0ubuntu3 <none>
2024-06-27 14:08:21 status half-configured libc-bin:arm64 2.35-0ubuntu3
2024-06-27 14:08:21 status installed libc-bin:arm64 2.35-0ubuntu3
2024-06-27 14:08:24 startup archives unpack
2024-06-27 14:08:24 upgrade adduser:all 3.118ubuntu5 3.118ubuntu5
2024-06-27 14:08:24 status half-configured adduser:all 3.118ubuntu5
2024-06-27 14:08:24 status unpacked adduser:all 3.118ubuntu5
2024-06-27 14:08:24 status half-installed adduser:all 3.118ubuntu5
2024-06-27 14:08:24 status unpacked adduser:all 3.118ubuntu5
2024-06-27 14:08:25 startup packages configure
2024-06-27 14:08:25 configure adduser:all 3.118ubuntu5 <none>
2024-06-27 14:08:25 status unpacked adduser:all 3.118ubuntu5
2024-06-27 14:08:25 status half-configured adduser:all 3.118ubuntu5
2024-06-27 14:08:25 status installed adduser:all 3.118ubuntu5
2024-06-27 14:08:25 startup packages configure
2024-06-27 14:08:29 startup archives unpack
2024-06-27 14:08:29 upgrade apt:arm64 2.4.5 2.4.5
2024-06-27 14:08:29 status triggers-pending libc-bin:arm64 2.35-0ubuntu3
2024-06-27 14:08:29 status half-configured apt:arm64 2.4.5
2024-06-27 14:08:29 status unpacked apt:arm64 2.4.5
2024-06-27 14:08:29 status half-installed apt:arm64 2.4.5
2024-06-27 14:08:29 status unpacked apt:arm64 2.4.5
2024-06-27 14:08:29 startup packages configure
2024-06-27 14:08:29 configure apt:arm64 2.4.5 <none>
2024-06-27 14:08:29 status unpacked apt:arm64 2.4.5
2024-06-27 14:08:29 status half-configured apt:arm64 2.4.5
2024-06-27 14:08:30 status installed apt:arm64 2.4.5
2024-06-27 14:08:30 startup packages configure
2024-06-27 14:08:30 trigproc libc-bin:arm64 2.35-0ubuntu3 <none>
2024-06-27 14:08:30 status half-configured libc-bin:arm64 2.35-0ubuntu3
2024-06-27 14:08:30 status installed libc-bin:arm64 2.35-0ubuntu3
2024-06-27 14:08:32 startup archives unpack
2024-06-27 14:08:32 upgrade base-files:arm64 12ubuntu4 12ubuntu4
2024-06-27 14:08:32 status half-configured base-files:arm64 12ubuntu4
2024-06-27 14:08:32 status unpacked base-files:arm64 12ubuntu4
2024-06-27 14:08:32 status half-installed base-files:arm64 12ubuntu4
2024-06-27 14:08:32 status unpacked base-files:arm64 12ubuntu4
2024-06-27 14:08:33 startup packages configure
2024-06-27 14:08:33 configure base-files:arm64 12ubuntu4 <none>
2024-06-27 14:08:33 status unpacked base-files:arm64 12ubuntu4
2024-06-27 14:08:33 status half-configured base-files:arm64 12ubuntu4
2024-06-27 14:08:33 status installed base-files:arm64 12ubuntu4
2024-06-27 14:08:33 startup packages configure
2024-06-27 14:08:36 startup archives unpack
2024-06-27 14:08:36 upgrade base-passwd:arm64 3.5.52build1 3.5.52build1
2024-06-27 14:08:36 status half-configured base-passwd:arm64 3.5.52build1
2024-06-27 14:08:36 status unpacked base-passwd:arm64 3.5.52build1
2024-06-27 14:08:36 status half-installed base-passwd:arm64 3.5.52build1
2024-06-27 14:08:36 status unpacked base-passwd:arm64 3.5.52build1
2024-06-27 14:08:36 startup packages configure
2024-06-27 14:08:36 configure base-passwd:arm64 3.5.52build1 <none>
2024-06-27 14:08:36 status unpacked base-passwd:arm64 3.5.52build1
2024-06-27 14:08:36 status half-configured base-passwd:arm64 3.5.52build1
2024-06-27 14:08:36 status installed base-passwd:arm64 3.5.52build1
2024-06-27 14:08:36 startup packages configure
2024-06-27 14:08:40 startup archives unpack
2024-06-27 14:08:40 upgrade bash:arm64 5.1-6ubuntu1 5.1-6ubuntu1
2024-06-27 14:08:40 status half-configured bash:arm64 5.1-6ubuntu1
2024-06-27 14:08:40 status unpacked bash:arm64 5.1-6ubuntu1
2024-06-27 14:08:40 status half-installed bash:arm64 5.1-6ubuntu1
2024-06-27 14:08:40 status unpacked bash:arm64 5.1-6ubuntu1
2024-06-27 14:08:40 startup packages configure
2024-06-27 14:08:40 configure bash:arm64 5.1-6ubuntu1 <none>
2024-06-27 14:08:40 status unpacked bash:arm64 5.1-6ubuntu1
2024-06-27 14:08:40 status half-configured bash:arm64 5.1-6ubuntu1
2024-06-27 14:08:40 status installed bash:arm64 5.1-6ubuntu1
2024-06-27 14:08:40 startup packages configure
2024-06-27 14:08:43 startup archives unpack
2024-06-27 14:08:43 upgrade bsdutils:arm64 1:2.37.2-4ubuntu3 1:2.37.2-4ubuntu3
2024-06-27 14:08:43 status half-configured bsdutils:arm64 1:2.37.2-4ubuntu3
2024-06-27 14:08:43 status unpacked bsdutils:arm64 1:2.37.2-4ubuntu3
2024-06-27 14:08:43 status half-installed bsdutils:arm64 1:2.37.2-4ubuntu3
2024-06-27 14:08:43 status unpacked bsdutils:arm64 1:2.37.2-4ubuntu3
2024-06-27 14:08:43 startup packages configure
2024-06-27 14:08:43 configure bsdutils:arm64 1:2.37.2-4ubuntu3 <none>
2024-06-27 14:08:43 status unpacked bsdutils:arm64 1:2.37.2-4ubuntu3
2024-06-27 14:08:43 status half-configured bsdutils:arm64 1:2.37.2-4ubuntu3
2024-06-27 14:08:43 status installed bsdutils:arm64 1:2.37.2-4ubuntu3
2024-06-27 14:08:43 startup packages configure
2024-06-27 14:08:47 startup archives unpack
2024-06-27 14:08:47 upgrade coreutils:arm64 8.32-4.1ubuntu1 8.32-4.1ubuntu1
2024-06-27 14:08:47 status half-configured coreutils:arm64 8.32-4.1ubuntu1
2024-06-27 14:08:47 status unpacked coreutils:arm64 8.32-4.1ubuntu1
2024-06-27 14:08:47 status half-installed coreutils:arm64 8.32-4.1ubuntu1
2024-06-27 14:08:48 status unpacked coreutils:arm64 8.32-4.1ubuntu1
2024-06-27 14:08:48 startup packages configure
2024-06-27 14:08:48 configure coreutils:arm64 8.32-4.1ubuntu1 <none>
2024-06-27 14:08:48 status unpacked coreutils:arm64 8.32-4.1ubuntu1
2024-06-27 14:08:48 status half-configured coreutils:arm64 8.32-4.1ubuntu1
2024-06-27 14:08:48 status installed coreutils:arm64 8.32-4.1ubuntu1
2024-06-27 14:08:48 startup packages configure
2024-06-27 14:08:51 startup archives unpack
2024-06-27 14:08:51 upgrade dash:arm64 0.5.11+git20210903+057cd650a4ed-3build1 0.5.11+git20210903+057cd650a4ed-3build1
2024-06-27 14:08:51 status half-configured dash:arm64 0.5.11+git20210903+057cd650a4ed-3build1
2024-06-27 14:08:51 status unpacked dash:arm64 0.5.11+git20210903+057cd650a4ed-3build1
2024-06-27 14:08:51 status half-installed dash:arm64 0.5.11+git20210903+057cd650a4ed-3build1
2024-06-27 14:08:51 status unpacked dash:arm64 0.5.11+git20210903+057cd650a4ed-3build1
2024-06-27 14:08:51 startup packages configure
2024-06-27 14:08:51 configure dash:arm64 0.5.11+git20210903+057cd650a4ed-3build1 <none>
2024-06-27 14:08:51 status unpacked dash:arm64 0.5.11+git20210903+057cd650a4ed-3build1
2024-06-27 14:08:51 status half-configured dash:arm64 0.5.11+git20210903+057cd650a4ed-3build1
2024-06-27 14:08:51 status installed dash:arm64 0.5.11+git20210903+057cd650a4ed-3build1
2024-06-27 14:08:51 startup packages configure
2024-06-27 14:08:54 startup archives unpack
2024-06-27 14:08:54 upgrade debconf:all 1.5.79ubuntu1 1.5.79ubuntu1
2024-06-27 14:08:54 status half-configured debconf:all 1.5.79ubuntu1
2024-06-27 14:08:54 status unpacked debconf:all 1.5.79ubuntu1
2024-06-27 14:08:54 status half-installed debconf:all 1.5.79ubuntu1
2024-06-27 14:08:54 status unpacked debconf:all 1.5.79ubuntu1
2024-06-27 14:08:54 startup packages configure
2024-06-27 14:08:54 configure debconf:all 1.5.79ubuntu1 <none>
2024-06-27 14:08:54 status unpacked debconf:all 1.5.79ubuntu1
2024-06-27 14:08:54 status half-configured debconf:all 1.5.79ubuntu1
2024-06-27 14:08:55 status installed debconf:all 1.5.79ubuntu1
2024-06-27 14:08:55 startup packages configure
2024-06-27 14:08:58 startup archives unpack
2024-06-27 14:08:58 upgrade debianutils:arm64 5.5-1ubuntu2 5.5-1ubuntu2
2024-06-27 14:08:58 status half-configured debianutils:arm64 5.5-1ubuntu2
2024-06-27 14:08:58 status unpacked debianutils:arm64 5.5-1ubuntu2
2024-06-27 14:08:58 status half-installed debianutils:arm64 5.5-1ubuntu2
2024-06-27 14:08:58 status unpacked debianutils:arm64 5.5-1ubuntu2
2024-06-27 14:08:58 startup packages configure
2024-06-27 14:08:58 configure debianutils:arm64 5.5-1ubuntu2 <none>
2024-06-27 14:08:58 status unpacked debianutils:arm64 5.5-1ubuntu2
2024-06-27 14:08:58 status half-configured debianutils:arm64 5.5-1ubuntu2
2024-06-27 14:08:58 status installed debianutils:arm64 5.5-1ubuntu2
2024-06-27 14:08:58 startup packages configure
2024-06-27 14:09:02 startup archives unpack
2024-06-27 14:09:02 upgrade diffutils:arm64 1:3.8-0ubuntu2 1:3.8-0ubuntu2
2024-06-27 14:09:02 status half-configured diffutils:arm64 1:3.8-0ubuntu2
2024-06-27 14:09:02 status unpacked diffutils:arm64 1:3.8-0ubuntu2
2024-06-27 14:09:02 status half-installed diffutils:arm64 1:3.8-0ubuntu2
2024-06-27 14:09:02 status unpacked diffutils:arm64 1:3.8-0ubuntu2
2024-06-27 14:09:02 startup packages configure
2024-06-27 14:09:02 configure diffutils:arm64 1:3.8-0ubuntu2 <none>
2024-06-27 14:09:02 status unpacked diffutils:arm64 1:3.8-0ubuntu2
2024-06-27 14:09:02 status half-configured diffutils:arm64 1:3.8-0ubuntu2
2024-06-27 14:09:02 status installed diffutils:arm64 1:3.8-0ubuntu2
2024-06-27 14:09:02 startup packages configure
2024-06-27 14:09:06 startup archives unpack
2024-06-27 14:09:06 upgrade dpkg:arm64 1.21.1ubuntu2 1.21.1ubuntu2
2024-06-27 14:09:06 status half-configured dpkg:arm64 1.21.1ubuntu2
2024-06-27 14:09:06 status unpacked dpkg:arm64 1.21.1ubuntu2
2024-06-27 14:09:06 status half-installed dpkg:arm64 1.21.1ubuntu2
2024-06-27 14:09:07 status unpacked dpkg:arm64 1.21.1ubuntu2
2024-06-27 14:09:07 startup packages configure
2024-06-27 14:09:07 configure dpkg:arm64 1.21.1ubuntu2 <none>
2024-06-27 14:09:07 status unpacked dpkg:arm64 1.21.1ubuntu2
2024-06-27 14:09:07 status half-configured dpkg:arm64 1.21.1ubuntu2
2024-06-27 14:09:07 status installed dpkg:arm64 1.21.1ubuntu2
2024-06-27 14:09:07 startup packages configure
2024-06-27 14:09:11 startup archives unpack
2024-06-27 14:09:11 upgrade e2fsprogs:arm64 1.46.5-2ubuntu1 1.46.5-2ubuntu1
2024-06-27 14:09:11 status half-configured e2fsprogs:arm64 1.46.5-2ubuntu1
2024-06-27 14:09:11 status unpacked e2fsprogs:arm64 1.46.5-2ubuntu1
2024-06-27 14:09:11 status half-installed e2fsprogs:arm64 1.46.5-2ubuntu1
2024-06-27 14:09:11 status unpacked e2fsprogs:arm64 1.46.5-2ubuntu1
2024-06-27 14:09:11 startup packages configure
2024-06-27 14:09:11 configure e2fsprogs:arm64 1.46.5-2ubuntu1 <none>
2024-06-27 14:09:11 status unpacked e2fsprogs:arm64 1.46.5-2ubuntu1
2024-06-27 14:09:11 status half-configured e2fsprogs:arm64 1.46.5-2ubuntu1
2024-06-27 14:09:11 status installed e2fsprogs:arm64 1.46.5-2ubuntu1
2024-06-27 14:09:14 startup archives unpack
2024-06-27 14:09:14 upgrade findutils:arm64 4.8.0-1ubuntu3 4.8.0-1ubuntu3
2024-06-27 14:09:14 status half-configured findutils:arm64 4.8.0-1ubuntu3
2024-06-27 14:09:14 status unpacked findutils:arm64 4.8.0-1ubuntu3
2024-06-27 14:09:14 status half-installed findutils:arm64 4.8.0-1ubuntu3
2024-06-27 14:09:14 status unpacked findutils:arm64 4.8.0-1ubuntu3
2024-06-27 14:09:14 startup packages configure
2024-06-27 14:09:14 configure findutils:arm64 4.8.0-1ubuntu3 <none>
2024-06-27 14:09:14 status unpacked findutils:arm64 4.8.0-1ubuntu3
2024-06-27 14:09:14 status half-configured findutils:arm64 4.8.0-1ubuntu3
2024-06-27 14:09:14 status installed findutils:arm64 4.8.0-1ubuntu3
2024-06-27 14:09:15 startup packages configure
2024-06-27 14:09:17 startup archives unpack
2024-06-27 14:09:17 upgrade gcc-12-base:arm64 12-20220319-1ubuntu1 12-20220319-1ubuntu1
2024-06-27 14:09:17 status half-configured gcc-12-base:arm64 12-20220319-1ubuntu1
2024-06-27 14:09:17 status unpacked gcc-12-base:arm64 12-20220319-1ubuntu1
2024-06-27 14:09:17 status half-installed gcc-12-base:arm64 12-20220319-1ubuntu1
2024-06-27 14:09:17 status unpacked gcc-12-base:arm64 12-20220319-1ubuntu1
2024-06-27 14:09:17 startup packages configure
2024-06-27 14:09:17 configure gcc-12-base:arm64 12-20220319-1ubuntu1 <none>
2024-06-27 14:09:17 status unpacked gcc-12-base:arm64 12-20220319-1ubuntu1
2024-06-27 14:09:17 status half-configured gcc-12-base:arm64 12-20220319-1ubuntu1
2024-06-27 14:09:17 status installed gcc-12-base:arm64 12-20220319-1ubuntu1
2024-06-27 14:09:17 startup packages configure
2024-06-27 14:09:20 startup archives unpack
2024-06-27 14:09:20 upgrade gpgv:arm64 2.2.27-3ubuntu2 2.2.27-3ubuntu2
2024-06-27 14:09:20 status half-configured gpgv:arm64 2.2.27-3ubuntu2
2024-06-27 14:09:20 status unpacked gpgv:arm64 2.2.27-3ubuntu2
2024-06-27 14:09:20 status half-installed gpgv:arm64 2.2.27-3ubuntu2
2024-06-27 14:09:20 status unpacked gpgv:arm64 2.2.27-3ubuntu2
2024-06-27 14:09:20 startup packages configure
2024-06-27 14:09:20 configure gpgv:arm64 2.2.27-3ubuntu2 <none>
2024-06-27 14:09:20 status unpacked gpgv:arm64 2.2.27-3ubuntu2
2024-06-27 14:09:20 status half-configured gpgv:arm64 2.2.27-3ubuntu2
2024-06-27 14:09:20 status installed gpgv:arm64 2.2.27-3ubuntu2
2024-06-27 14:09:21 startup packages configure
2024-06-27 14:09:23 startup archives unpack
2024-06-27 14:09:23 upgrade grep:arm64 3.7-1build1 3.7-1build1
2024-06-27 14:09:23 status half-configured grep:arm64 3.7-1build1
2024-06-27 14:09:23 status unpacked grep:arm64 3.7-1build1
2024-06-27 14:09:23 status half-installed grep:arm64 3.7-1build1
2024-06-27 14:09:23 status unpacked grep:arm64 3.7-1build1
2024-06-27 14:09:24 startup packages configure
2024-06-27 14:09:24 configure grep:arm64 3.7-1build1 <none>
2024-06-27 14:09:24 status unpacked grep:arm64 3.7-1build1
2024-06-27 14:09:24 status half-configured grep:arm64 3.7-1build1
2024-06-27 14:09:24 status installed grep:arm64 3.7-1build1
2024-06-27 14:09:24 startup packages configure
2024-06-27 14:09:27 startup archives unpack
2024-06-27 14:09:27 upgrade gzip:arm64 1.10-4ubuntu4 1.10-4ubuntu4
2024-06-27 14:09:27 status half-configured gzip:arm64 1.10-4ubuntu4
2024-06-27 14:09:27 status unpacked gzip:arm64 1.10-4ubuntu4
2024-06-27 14:09:27 status half-installed gzip:arm64 1.10-4ubuntu4
2024-06-27 14:09:27 status unpacked gzip:arm64 1.10-4ubuntu4
2024-06-27 14:09:27 startup packages configure
2024-06-27 14:09:27 configure gzip:arm64 1.10-4ubuntu4 <none>
2024-06-27 14:09:27 status unpacked gzip:arm64 1.10-4ubuntu4
2024-06-27 14:09:27 status half-configured gzip:arm64 1.10-4ubuntu4
2024-06-27 14:09:27 status installed gzip:arm64 1.10-4ubuntu4
2024-06-27 14:09:27 startup packages configure
2024-06-27 14:09:30 startup archives unpack
2024-06-27 14:09:30 upgrade hostname:arm64 3.23ubuntu2 3.23ubuntu2
2024-06-27 14:09:30 status half-configured hostname:arm64 3.23ubuntu2
2024-06-27 14:09:30 status unpacked hostname:arm64 3.23ubuntu2
2024-06-27 14:09:30 status half-installed hostname:arm64 3.23ubuntu2
2024-06-27 14:09:30 status unpacked hostname:arm64 3.23ubuntu2
2024-06-27 14:09:30 startup packages configure
2024-06-27 14:09:30 configure hostname:arm64 3.23ubuntu2 <none>
2024-06-27 14:09:30 status unpacked hostname:arm64 3.23ubuntu2
2024-06-27 14:09:30 status half-configured hostname:arm64 3.23ubuntu2
2024-06-27 14:09:30 status installed hostname:arm64 3.23ubuntu2
2024-06-27 14:09:30 startup packages configure
2024-06-27 14:09:33 startup archives unpack
2024-06-27 14:09:33 upgrade init-system-helpers:all 1.62 1.62
2024-06-27 14:09:33 status half-configured init-system-helpers:all 1.62
2024-06-27 14:09:33 status unpacked init-system-helpers:all 1.62
2024-06-27 14:09:33 status half-installed init-system-helpers:all 1.62
2024-06-27 14:09:33 status unpacked init-system-helpers:all 1.62
2024-06-27 14:09:33 startup packages configure
2024-06-27 14:09:33 configure init-system-helpers:all 1.62 <none>
2024-06-27 14:09:33 status unpacked init-system-helpers:all 1.62
2024-06-27 14:09:33 status half-configured init-system-helpers:all 1.62
2024-06-27 14:09:33 status installed init-system-helpers:all 1.62
2024-06-27 14:09:33 startup packages configure
2024-06-27 14:09:36 startup archives unpack
2024-06-27 14:09:36 upgrade libacl1:arm64 2.3.1-1 2.3.1-1
2024-06-27 14:09:36 status triggers-pending libc-bin:arm64 2.35-0ubuntu3
2024-06-27 14:09:36 status half-configured libacl1:arm64 2.3.1-1
2024-06-27 14:09:36 status unpacked libacl1:arm64 2.3.1-1
2024-06-27 14:09:36 status half-installed libacl1:arm64 2.3.1-1
2024-06-27 14:09:36 status unpacked libacl1:arm64 2.3.1-1
2024-06-27 14:09:37 startup packages configure
2024-06-27 14:09:37 configure libacl1:arm64 2.3.1-1 <none>
2024-06-27 14:09:37 status unpacked libacl1:arm64 2.3.1-1
2024-06-27 14:09:37 status half-configured libacl1:arm64 2.3.1-1
2024-06-27 14:09:37 status installed libacl1:arm64 2.3.1-1
2024-06-27 14:09:37 startup packages configure
2024-06-27 14:09:37 trigproc libc-bin:arm64 2.35-0ubuntu3 <none>
2024-06-27 14:09:37 status half-configured libc-bin:arm64 2.35-0ubuntu3
2024-06-27 14:09:37 status installed libc-bin:arm64 2.35-0ubuntu3
2024-06-27 14:09:40 startup archives unpack
2024-06-27 14:09:41 upgrade libapt-pkg6.0:arm64 2.4.5 2.4.5
2024-06-27 14:09:41 status triggers-pending libc-bin:arm64 2.35-0ubuntu3
2024-06-27 14:09:41 status half-configured libapt-pkg6.0:arm64 2.4.5
2024-06-27 14:09:41 status unpacked libapt-pkg6.0:arm64 2.4.5
2024-06-27 14:09:41 status half-installed libapt-pkg6.0:arm64 2.4.5
2024-06-27 14:09:41 status unpacked libapt-pkg6.0:arm64 2.4.5
2024-06-27 14:09:41 startup packages configure
2024-06-27 14:09:41 configure libapt-pkg6.0:arm64 2.4.5 <none>
2024-06-27 14:09:41 status unpacked libapt-pkg6.0:arm64 2.4.5
2024-06-27 14:09:41 status half-configured libapt-pkg6.0:arm64 2.4.5
2024-06-27 14:09:41 status installed libapt-pkg6.0:arm64 2.4.5
2024-06-27 14:09:41 startup packages configure
2024-06-27 14:09:41 trigproc libc-bin:arm64 2.35-0ubuntu3 <none>
2024-06-27 14:09:41 status half-configured libc-bin:arm64 2.35-0ubuntu3
2024-06-27 14:09:41 status installed libc-bin:arm64 2.35-0ubuntu3
2024-06-27 14:09:44 startup archives unpack
2024-06-27 14:09:44 upgrade libattr1:arm64 1:2.5.1-1build1 1:2.5.1-1build1
2024-06-27 14:09:44 status triggers-pending libc-bin:arm64 2.35-0ubuntu3
2024-06-27 14:09:44 status half-configured libattr1:arm64 1:2.5.1-1build1
2024-06-27 14:09:44 status unpacked libattr1:arm64 1:2.5.1-1build1
2024-06-27 14:09:44 status half-installed libattr1:arm64 1:2.5.1-1build1
2024-06-27 14:09:44 status unpacked libattr1:arm64 1:2.5.1-1build1
2024-06-27 14:09:44 startup packages configure
2024-06-27 14:09:44 configure libattr1:arm64 1:2.5.1-1build1 <none>
2024-06-27 14:09:44 status unpacked libattr1:arm64 1:2.5.1-1build1
2024-06-27 14:09:44 status half-configured libattr1:arm64 1:2.5.1-1build1
2024-06-27 14:09:44 status installed libattr1:arm64 1:2.5.1-1build1
2024-06-27 14:09:44 startup packages configure
2024-06-27 14:09:44 trigproc libc-bin:arm64 2.35-0ubuntu3 <none>
2024-06-27 14:09:44 status half-configured libc-bin:arm64 2.35-0ubuntu3
2024-06-27 14:09:44 status installed libc-bin:arm64 2.35-0ubuntu3
2024-06-27 14:09:47 startup archives unpack
2024-06-27 14:09:47 upgrade libaudit-common:all 1:3.0.7-1build1 1:3.0.7-1build1
2024-06-27 14:09:47 status half-configured libaudit-common:all 1:3.0.7-1build1
2024-06-27 14:09:47 status unpacked libaudit-common:all 1:3.0.7-1build1
2024-06-27 14:09:47 status half-installed libaudit-common:all 1:3.0.7-1build1
2024-06-27 14:09:47 status unpacked libaudit-common:all 1:3.0.7-1build1
2024-06-27 14:09:47 startup packages configure
2024-06-27 14:09:47 configure libaudit-common:all 1:3.0.7-1build1 <none>
2024-06-27 14:09:47 status unpacked libaudit-common:all 1:3.0.7-1build1
2024-06-27 14:09:47 status half-configured libaudit-common:all 1:3.0.7-1build1
2024-06-27 14:09:47 status installed libaudit-common:all 1:3.0.7-1build1
2024-06-27 14:09:47 startup packages configure
2024-06-27 14:09:50 startup archives unpack
2024-06-27 14:09:50 upgrade libaudit1:arm64 1:3.0.7-1build1 1:3.0.7-1build1
2024-06-27 14:09:50 status triggers-pending libc-bin:arm64 2.35-0ubuntu3
2024-06-27 14:09:50 status half-configured libaudit1:arm64 1:3.0.7-1build1
2024-06-27 14:09:50 status unpacked libaudit1:arm64 1:3.0.7-1build1
2024-06-27 14:09:50 status half-installed libaudit1:arm64 1:3.0.7-1build1
2024-06-27 14:09:50 status unpacked libaudit1:arm64 1:3.0.7-1build1
2024-06-27 14:09:50 startup packages configure
2024-06-27 14:09:50 configure libaudit1:arm64 1:3.0.7-1build1 <none>
2024-06-27 14:09:50 status unpacked libaudit1:arm64 1:3.0.7-1build1
2024-06-27 14:09:50 status half-configured libaudit1:arm64 1:3.0.7-1build1
2024-06-27 14:09:50 status installed libaudit1:arm64 1:3.0.7-1build1
2024-06-27 14:09:50 startup packages configure
2024-06-27 14:09:50 trigproc libc-bin:arm64 2.35-0ubuntu3 <none>
2024-06-27 14:09:50 status half-configured libc-bin:arm64 2.35-0ubuntu3
2024-06-27 14:09:50 status installed libc-bin:arm64 2.35-0ubuntu3
2024-06-27 14:09:53 startup archives unpack
2024-06-27 14:09:53 upgrade libblkid1:arm64 2.37.2-4ubuntu3 2.37.2-4ubuntu3
2024-06-27 14:09:53 status triggers-pending libc-bin:arm64 2.35-0ubuntu3
2024-06-27 14:09:53 status half-configured libblkid1:arm64 2.37.2-4ubuntu3
2024-06-27 14:09:53 status unpacked libblkid1:arm64 2.37.2-4ubuntu3
2024-06-27 14:09:53 status half-installed libblkid1:arm64 2.37.2-4ubuntu3
2024-06-27 14:09:53 status unpacked libblkid1:arm64 2.37.2-4ubuntu3
2024-06-27 14:09:53 startup packages configure
2024-06-27 14:09:53 configure libblkid1:arm64 2.37.2-4ubuntu3 <none>
2024-06-27 14:09:53 status unpacked libblkid1:arm64 2.37.2-4ubuntu3
2024-06-27 14:09:53 status half-configured libblkid1:arm64 2.37.2-4ubuntu3
2024-06-27 14:09:53 status installed libblkid1:arm64 2.37.2-4ubuntu3
2024-06-27 14:09:53 startup packages configure
2024-06-27 14:09:53 trigproc libc-bin:arm64 2.35-0ubuntu3 <none>
2024-06-27 14:09:53 status half-configured libc-bin:arm64 2.35-0ubuntu3
2024-06-27 14:09:53 status installed libc-bin:arm64 2.35-0ubuntu3
2024-06-27 14:09:55 startup archives unpack
2024-06-27 14:09:56 upgrade libbz2-1.0:arm64 1.0.8-5build1 1.0.8-5build1
2024-06-27 14:09:56 status triggers-pending libc-bin:arm64 2.35-0ubuntu3
2024-06-27 14:09:56 status half-configured libbz2-1.0:arm64 1.0.8-5build1
2024-06-27 14:09:56 status unpacked libbz2-1.0:arm64 1.0.8-5build1
2024-06-27 14:09:56 status half-installed libbz2-1.0:arm64 1.0.8-5build1
2024-06-27 14:09:56 status unpacked libbz2-1.0:arm64 1.0.8-5build1
2024-06-27 14:09:56 startup packages configure
2024-06-27 14:09:56 configure libbz2-1.0:arm64 1.0.8-5build1 <none>
2024-06-27 14:09:56 status unpacked libbz2-1.0:arm64 1.0.8-5build1
2024-06-27 14:09:56 status half-configured libbz2-1.0:arm64 1.0.8-5build1
2024-06-27 14:09:56 status installed libbz2-1.0:arm64 1.0.8-5build1
2024-06-27 14:09:56 startup packages configure
2024-06-27 14:09:56 trigproc libc-bin:arm64 2.35-0ubuntu3 <none>
2024-06-27 14:09:56 status half-configured libc-bin:arm64 2.35-0ubuntu3
2024-06-27 14:09:56 status installed libc-bin:arm64 2.35-0ubuntu3
2024-06-27 14:09:59 startup archives unpack
2024-06-27 14:09:59 upgrade libc-bin:arm64 2.35-0ubuntu3 2.35-0ubuntu3
2024-06-27 14:09:59 status half-configured libc-bin:arm64 2.35-0ubuntu3
2024-06-27 14:09:59 status unpacked libc-bin:arm64 2.35-0ubuntu3
2024-06-27 14:09:59 status half-installed libc-bin:arm64 2.35-0ubuntu3
2024-06-27 14:09:59 status unpacked libc-bin:arm64 2.35-0ubuntu3
2024-06-27 14:09:59 startup packages configure
2024-06-27 14:09:59 configure libc-bin:arm64 2.35-0ubuntu3 <none>
2024-06-27 14:09:59 status unpacked libc-bin:arm64 2.35-0ubuntu3
2024-06-27 14:09:59 status half-configured libc-bin:arm64 2.35-0ubuntu3
2024-06-27 14:10:00 status installed libc-bin:arm64 2.35-0ubuntu3
2024-06-27 14:10:00 startup packages configure
2024-06-27 14:10:05 startup archives unpack
2024-06-27 14:10:05 upgrade libc6:arm64 2.35-0ubuntu3 2.35-0ubuntu3
2024-06-27 14:10:05 status triggers-pending libc-bin:arm64 2.35-0ubuntu3
2024-06-27 14:10:05 status half-configured libc6:arm64 2.35-0ubuntu3
2024-06-27 14:10:05 status unpacked libc6:arm64 2.35-0ubuntu3
2024-06-27 14:10:05 status half-installed libc6:arm64 2.35-0ubuntu3
2024-06-27 14:10:05 status unpacked libc6:arm64 2.35-0ubuntu3
2024-06-27 14:10:05 startup packages configure
2024-06-27 14:10:05 configure libc6:arm64 2.35-0ubuntu3 <none>
2024-06-27 14:10:05 status unpacked libc6:arm64 2.35-0ubuntu3
2024-06-27 14:10:05 status half-configured libc6:arm64 2.35-0ubuntu3
2024-06-27 14:10:06 status installed libc6:arm64 2.35-0ubuntu3
2024-06-27 14:10:06 startup packages configure
2024-06-27 14:10:06 trigproc libc-bin:arm64 2.35-0ubuntu3 <none>
2024-06-27 14:10:06 status half-configured libc-bin:arm64 2.35-0ubuntu3
2024-06-27 14:10:06 status installed libc-bin:arm64 2.35-0ubuntu3
2024-06-27 14:10:09 startup archives unpack
2024-06-27 14:10:09 upgrade libcap-ng0:arm64 0.7.9-2.2build3 0.7.9-2.2build3
2024-06-27 14:10:09 status triggers-pending libc-bin:arm64 2.35-0ubuntu3
2024-06-27 14:10:09 status half-configured libcap-ng0:arm64 0.7.9-2.2build3
2024-06-27 14:10:09 status unpacked libcap-ng0:arm64 0.7.9-2.2build3
2024-06-27 14:10:09 status half-installed libcap-ng0:arm64 0.7.9-2.2build3
2024-06-27 14:10:09 status unpacked libcap-ng0:arm64 0.7.9-2.2build3
2024-06-27 14:10:09 startup packages configure
2024-06-27 14:10:09 configure libcap-ng0:arm64 0.7.9-2.2build3 <none>
2024-06-27 14:10:09 status unpacked libcap-ng0:arm64 0.7.9-2.2build3
2024-06-27 14:10:09 status half-configured libcap-ng0:arm64 0.7.9-2.2build3
2024-06-27 14:10:09 status installed libcap-ng0:arm64 0.7.9-2.2build3
2024-06-27 14:10:10 startup packages configure
2024-06-27 14:10:10 trigproc libc-bin:arm64 2.35-0ubuntu3 <none>
2024-06-27 14:10:10 status half-configured libc-bin:arm64 2.35-0ubuntu3
2024-06-27 14:10:10 status installed libc-bin:arm64 2.35-0ubuntu3
2024-06-27 14:10:12 startup archives unpack
2024-06-27 14:10:12 upgrade libcap2:arm64 1:2.44-1build3 1:2.44-1build3
2024-06-27 14:10:12 status triggers-pending libc-bin:arm64 2.35-0ubuntu3
2024-06-27 14:10:12 status half-configured libcap2:arm64 1:2.44-1build3
2024-06-27 14:10:12 status unpacked libcap2:arm64 1:2.44-1build3
2024-06-27 14:10:12 status half-installed libcap2:arm64 1:2.44-1build3
2024-06-27 14:10:12 status unpacked libcap2:arm64 1:2.44-1build3
2024-06-27 14:10:12 startup packages configure
2024-06-27 14:10:12 configure libcap2:arm64 1:2.44-1build3 <none>
2024-06-27 14:10:12 status unpacked libcap2:arm64 1:2.44-1build3
2024-06-27 14:10:12 status half-configured libcap2:arm64 1:2.44-1build3
2024-06-27 14:10:12 status installed libcap2:arm64 1:2.44-1build3
2024-06-27 14:10:12 startup packages configure
2024-06-27 14:10:12 trigproc libc-bin:arm64 2.35-0ubuntu3 <none>
2024-06-27 14:10:12 status half-configured libc-bin:arm64 2.35-0ubuntu3
2024-06-27 14:10:12 status installed libc-bin:arm64 2.35-0ubuntu3
2024-06-27 14:10:15 startup archives unpack
2024-06-27 14:10:15 upgrade libcom-err2:arm64 1.46.5-2ubuntu1 1.46.5-2ubuntu1
2024-06-27 14:10:15 status triggers-pending libc-bin:arm64 2.35-0ubuntu3
2024-06-27 14:10:15 status half-configured libcom-err2:arm64 1.46.5-2ubuntu1
2024-06-27 14:10:15 status unpacked libcom-err2:arm64 1.46.5-2ubuntu1
2024-06-27 14:10:15 status half-installed libcom-err2:arm64 1.46.5-2ubuntu1
2024-06-27 14:10:15 status unpacked libcom-err2:arm64 1.46.5-2ubuntu1
2024-06-27 14:10:15 startup packages configure
2024-06-27 14:10:15 configure libcom-err2:arm64 1.46.5-2ubuntu1 <none>
2024-06-27 14:10:15 status unpacked libcom-err2:arm64 1.46.5-2ubuntu1
2024-06-27 14:10:15 status half-configured libcom-err2:arm64 1.46.5-2ubuntu1
2024-06-27 14:10:15 status installed libcom-err2:arm64 1.46.5-2ubuntu1
2024-06-27 14:10:15 startup packages configure
2024-06-27 14:10:15 trigproc libc-bin:arm64 2.35-0ubuntu3 <none>
2024-06-27 14:10:15 status half-configured libc-bin:arm64 2.35-0ubuntu3
2024-06-27 14:10:15 status installed libc-bin:arm64 2.35-0ubuntu3
2024-06-27 14:10:18 startup archives unpack
2024-06-27 14:10:18 upgrade libcrypt1:arm64 1:4.4.27-1 1:4.4.27-1
2024-06-27 14:10:18 status triggers-pending libc-bin:arm64 2.35-0ubuntu3
2024-06-27 14:10:18 status half-configured libcrypt1:arm64 1:4.4.27-1
2024-06-27 14:10:18 status unpacked libcrypt1:arm64 1:4.4.27-1
2024-06-27 14:10:18 status half-installed libcrypt1:arm64 1:4.4.27-1
2024-06-27 14:10:18 status unpacked libcrypt1:arm64 1:4.4.27-1
2024-06-27 14:10:18 startup packages configure
2024-06-27 14:10:18 configure libcrypt1:arm64 1:4.4.27-1 <none>
2024-06-27 14:10:18 status unpacked libcrypt1:arm64 1:4.4.27-1
2024-06-27 14:10:18 status half-configured libcrypt1:arm64 1:4.4.27-1
2024-06-27 14:10:18 status installed libcrypt1:arm64 1:4.4.27-1
2024-06-27 14:10:18 startup packages configure
2024-06-27 14:10:18 trigproc libc-bin:arm64 2.35-0ubuntu3 <none>
2024-06-27 14:10:18 status half-configured libc-bin:arm64 2.35-0ubuntu3
2024-06-27 14:10:18 status installed libc-bin:arm64 2.35-0ubuntu3
2024-06-27 14:10:21 startup archives unpack
2024-06-27 14:10:21 upgrade libdb5.3:arm64 5.3.28+dfsg1-0.8ubuntu3 5.3.28+dfsg1-0.8ubuntu3
2024-06-27 14:10:21 status triggers-pending libc-bin:arm64 2.35-0ubuntu3
2024-06-27 14:10:21 status half-configured libdb5.3:arm64 5.3.28+dfsg1-0.8ubuntu3
2024-06-27 14:10:21 status unpacked libdb5.3:arm64 5.3.28+dfsg1-0.8ubuntu3
2024-06-27 14:10:21 status half-installed libdb5.3:arm64 5.3.28+dfsg1-0.8ubuntu3
2024-06-27 14:10:21 status unpacked libdb5.3:arm64 5.3.28+dfsg1-0.8ubuntu3
2024-06-27 14:10:22 startup packages configure
2024-06-27 14:10:22 configure libdb5.3:arm64 5.3.28+dfsg1-0.8ubuntu3 <none>
2024-06-27 14:10:22 status unpacked libdb5.3:arm64 5.3.28+dfsg1-0.8ubuntu3
2024-06-27 14:10:22 status half-configured libdb5.3:arm64 5.3.28+dfsg1-0.8ubuntu3
2024-06-27 14:10:22 status installed libdb5.3:arm64 5.3.28+dfsg1-0.8ubuntu3
2024-06-27 14:10:22 startup packages configure
2024-06-27 14:10:22 trigproc libc-bin:arm64 2.35-0ubuntu3 <none>
2024-06-27 14:10:22 status half-configured libc-bin:arm64 2.35-0ubuntu3
2024-06-27 14:10:22 status installed libc-bin:arm64 2.35-0ubuntu3
2024-06-27 14:10:24 startup archives unpack
2024-06-27 14:10:24 upgrade libdebconfclient0:arm64 0.261ubuntu1 0.261ubuntu1
2024-06-27 14:10:24 status triggers-pending libc-bin:arm64 2.35-0ubuntu3
2024-06-27 14:10:24 status half-configured libdebconfclient0:arm64 0.261ubuntu1
2024-06-27 14:10:24 status unpacked libdebconfclient0:arm64 0.261ubuntu1
2024-06-27 14:10:24 status half-installed libdebconfclient0:arm64 0.261ubuntu1
2024-06-27 14:10:24 status unpacked libdebconfclient0:arm64 0.261ubuntu1
2024-06-27 14:10:25 startup packages configure
2024-06-27 14:10:25 configure libdebconfclient0:arm64 0.261ubuntu1 <none>
2024-06-27 14:10:25 status unpacked libdebconfclient0:arm64 0.261ubuntu1
2024-06-27 14:10:25 status half-configured libdebconfclient0:arm64 0.261ubuntu1
2024-06-27 14:10:25 status installed libdebconfclient0:arm64 0.261ubuntu1
2024-06-27 14:10:25 startup packages configure
2024-06-27 14:10:25 trigproc libc-bin:arm64 2.35-0ubuntu3 <none>
2024-06-27 14:10:25 status half-configured libc-bin:arm64 2.35-0ubuntu3
2024-06-27 14:10:25 status installed libc-bin:arm64 2.35-0ubuntu3
2024-06-27 14:10:28 startup archives unpack
2024-06-27 14:10:28 upgrade libext2fs2:arm64 1.46.5-2ubuntu1 1.46.5-2ubuntu1
2024-06-27 14:10:28 status triggers-pending libc-bin:arm64 2.35-0ubuntu3
2024-06-27 14:10:28 status half-configured libext2fs2:arm64 1.46.5-2ubuntu1
2024-06-27 14:10:28 status unpacked libext2fs2:arm64 1.46.5-2ubuntu1
2024-06-27 14:10:28 status half-installed libext2fs2:arm64 1.46.5-2ubuntu1
2024-06-27 14:10:28 status unpacked libext2fs2:arm64 1.46.5-2ubuntu1
2024-06-27 14:10:28 startup packages configure
2024-06-27 14:10:28 configure libext2fs2:arm64 1.46.5-2ubuntu1 <none>
2024-06-27 14:10:28 status unpacked libext2fs2:arm64 1.46.5-2ubuntu1
2024-06-27 14:10:28 status half-configured libext2fs2:arm64 1.46.5-2ubuntu1
2024-06-27 14:10:28 status installed libext2fs2:arm64 1.46.5-2ubuntu1
2024-06-27 14:10:28 trigproc libc-bin:arm64 2.35-0ubuntu3 <none>
2024-06-27 14:10:28 status half-configured libc-bin:arm64 2.35-0ubuntu3
2024-06-27 14:10:28 status installed libc-bin:arm64 2.35-0ubuntu3
2024-06-27 14:10:30 startup archives unpack
2024-06-27 14:10:30 upgrade libffi8:arm64 3.4.2-4 3.4.2-4
2024-06-27 14:10:30 status triggers-pending libc-bin:arm64 2.35-0ubuntu3
2024-06-27 14:10:30 status half-configured libffi8:arm64 3.4.2-4
2024-06-27 14:10:30 status unpacked libffi8:arm64 3.4.2-4
2024-06-27 14:10:30 status half-installed libffi8:arm64 3.4.2-4
2024-06-27 14:10:30 status unpacked libffi8:arm64 3.4.2-4
2024-06-27 14:10:31 startup packages configure
2024-06-27 14:10:31 configure libffi8:arm64 3.4.2-4 <none>
2024-06-27 14:10:31 status unpacked libffi8:arm64 3.4.2-4
2024-06-27 14:10:31 status half-configured libffi8:arm64 3.4.2-4
2024-06-27 14:10:31 status installed libffi8:arm64 3.4.2-4
2024-06-27 14:10:31 startup packages configure
2024-06-27 14:10:31 trigproc libc-bin:arm64 2.35-0ubuntu3 <none>
2024-06-27 14:10:31 status half-configured libc-bin:arm64 2.35-0ubuntu3
2024-06-27 14:10:31 status installed libc-bin:arm64 2.35-0ubuntu3
2024-06-27 14:10:33 startup archives unpack
2024-06-27 14:10:33 upgrade libgcc-s1:arm64 12-20220319-1ubuntu1 12-20220319-1ubuntu1
2024-06-27 14:10:33 status triggers-pending libc-bin:arm64 2.35-0ubuntu3
2024-06-27 14:10:33 status half-configured libgcc-s1:arm64 12-20220319-1ubuntu1
2024-06-27 14:10:33 status unpacked libgcc-s1:arm64 12-20220319-1ubuntu1
2024-06-27 14:10:33 status half-installed libgcc-s1:arm64 12-20220319-1ubuntu1
2024-06-27 14:10:33 status unpacked libgcc-s1:arm64 12-20220319-1ubuntu1
2024-06-27 14:10:33 startup packages configure
2024-06-27 14:10:33 configure libgcc-s1:arm64 12-20220319-1ubuntu1 <none>
2024-06-27 14:10:33 status unpacked libgcc-s1:arm64 12-20220319-1ubuntu1
2024-06-27 14:10:33 status half-configured libgcc-s1:arm64 12-20220319-1ubuntu1
2024-06-27 14:10:33 status installed libgcc-s1:arm64 12-20220319-1ubuntu1
2024-06-27 14:10:34 startup packages configure
2024-06-27 14:10:34 trigproc libc-bin:arm64 2.35-0ubuntu3 <none>
2024-06-27 14:10:34 status half-configured libc-bin:arm64 2.35-0ubuntu3
2024-06-27 14:10:34 status installed libc-bin:arm64 2.35-0ubuntu3
2024-06-27 14:10:37 startup archives unpack
2024-06-27 14:10:37 upgrade libgcrypt20:arm64 1.9.4-3ubuntu3 1.9.4-3ubuntu3
2024-06-27 14:10:37 status triggers-pending libc-bin:arm64 2.35-0ubuntu3
2024-06-27 14:10:37 status half-configured libgcrypt20:arm64 1.9.4-3ubuntu3
2024-06-27 14:10:37 status unpacked libgcrypt20:arm64 1.9.4-3ubuntu3
2024-06-27 14:10:37 status half-installed libgcrypt20:arm64 1.9.4-3ubuntu3
2024-06-27 14:10:37 status unpacked libgcrypt20:arm64 1.9.4-3ubuntu3
2024-06-27 14:10:37 startup packages configure
2024-06-27 14:10:37 configure libgcrypt20:arm64 1.9.4-3ubuntu3 <none>
2024-06-27 14:10:37 status unpacked libgcrypt20:arm64 1.9.4-3ubuntu3
2024-06-27 14:10:37 status half-configured libgcrypt20:arm64 1.9.4-3ubuntu3
2024-06-27 14:10:37 status installed libgcrypt20:arm64 1.9.4-3ubuntu3
2024-06-27 14:10:37 startup packages configure
2024-06-27 14:10:37 trigproc libc-bin:arm64 2.35-0ubuntu3 <none>
2024-06-27 14:10:37 status half-configured libc-bin:arm64 2.35-0ubuntu3
2024-06-27 14:10:37 status installed libc-bin:arm64 2.35-0ubuntu3
2024-06-27 14:10:40 startup archives unpack
2024-06-27 14:10:40 upgrade libgmp10:arm64 2:6.2.1+dfsg-3ubuntu1 2:6.2.1+dfsg-3ubuntu1
2024-06-27 14:10:40 status triggers-pending libc-bin:arm64 2.35-0ubuntu3
2024-06-27 14:10:40 status half-configured libgmp10:arm64 2:6.2.1+dfsg-3ubuntu1
2024-06-27 14:10:40 status unpacked libgmp10:arm64 2:6.2.1+dfsg-3ubuntu1
2024-06-27 14:10:40 status half-installed libgmp10:arm64 2:6.2.1+dfsg-3ubuntu1
2024-06-27 14:10:40 status unpacked libgmp10:arm64 2:6.2.1+dfsg-3ubuntu1
2024-06-27 14:10:40 startup packages configure
2024-06-27 14:10:40 configure libgmp10:arm64 2:6.2.1+dfsg-3ubuntu1 <none>
2024-06-27 14:10:40 status unpacked libgmp10:arm64 2:6.2.1+dfsg-3ubuntu1
2024-06-27 14:10:40 status half-configured libgmp10:arm64 2:6.2.1+dfsg-3ubuntu1
2024-06-27 14:10:40 status installed libgmp10:arm64 2:6.2.1+dfsg-3ubuntu1
2024-06-27 14:10:40 startup packages configure
2024-06-27 14:10:40 trigproc libc-bin:arm64 2.35-0ubuntu3 <none>
2024-06-27 14:10:40 status half-configured libc-bin:arm64 2.35-0ubuntu3
2024-06-27 14:10:40 status installed libc-bin:arm64 2.35-0ubuntu3
2024-06-27 14:10:43 startup archives unpack
2024-06-27 14:10:43 upgrade libgnutls30:arm64 3.7.3-4ubuntu1 3.7.3-4ubuntu1
2024-06-27 14:10:43 status triggers-pending libc-bin:arm64 2.35-0ubuntu3
2024-06-27 14:10:43 status half-configured libgnutls30:arm64 3.7.3-4ubuntu1
2024-06-27 14:10:43 status unpacked libgnutls30:arm64 3.7.3-4ubuntu1
2024-06-27 14:10:43 status half-installed libgnutls30:arm64 3.7.3-4ubuntu1
2024-06-27 14:10:44 status unpacked libgnutls30:arm64 3.7.3-4ubuntu1
2024-06-27 14:10:44 startup packages configure
2024-06-27 14:10:44 configure libgnutls30:arm64 3.7.3-4ubuntu1 <none>
2024-06-27 14:10:44 status unpacked libgnutls30:arm64 3.7.3-4ubuntu1
2024-06-27 14:10:44 status half-configured libgnutls30:arm64 3.7.3-4ubuntu1
2024-06-27 14:10:44 status installed libgnutls30:arm64 3.7.3-4ubuntu1
2024-06-27 14:10:44 startup packages configure
2024-06-27 14:10:44 trigproc libc-bin:arm64 2.35-0ubuntu3 <none>
2024-06-27 14:10:44 status half-configured libc-bin:arm64 2.35-0ubuntu3
2024-06-27 14:10:44 status installed libc-bin:arm64 2.35-0ubuntu3
2024-06-27 14:10:46 startup archives unpack
2024-06-27 14:10:47 upgrade libgpg-error0:arm64 1.43-3 1.43-3
2024-06-27 14:10:47 status triggers-pending libc-bin:arm64 2.35-0ubuntu3
2024-06-27 14:10:47 status half-configured libgpg-error0:arm64 1.43-3
2024-06-27 14:10:47 status unpacked libgpg-error0:arm64 1.43-3
2024-06-27 14:10:47 status half-installed libgpg-error0:arm64 1.43-3
2024-06-27 14:10:47 status unpacked libgpg-error0:arm64 1.43-3
2024-06-27 14:10:47 startup packages configure
2024-06-27 14:10:47 configure libgpg-error0:arm64 1.43-3 <none>
2024-06-27 14:10:47 status unpacked libgpg-error0:arm64 1.43-3
2024-06-27 14:10:47 status half-configured libgpg-error0:arm64 1.43-3
2024-06-27 14:10:47 status installed libgpg-error0:arm64 1.43-3
2024-06-27 14:10:47 startup packages configure
2024-06-27 14:10:47 trigproc libc-bin:arm64 2.35-0ubuntu3 <none>
2024-06-27 14:10:47 status half-configured libc-bin:arm64 2.35-0ubuntu3
2024-06-27 14:10:47 status installed libc-bin:arm64 2.35-0ubuntu3
2024-06-27 14:10:50 startup archives unpack
2024-06-27 14:10:50 upgrade libgssapi-krb5-2:arm64 1.19.2-2 1.19.2-2
2024-06-27 14:10:50 status triggers-pending libc-bin:arm64 2.35-0ubuntu3
2024-06-27 14:10:50 status half-configured libgssapi-krb5-2:arm64 1.19.2-2
2024-06-27 14:10:50 status unpacked libgssapi-krb5-2:arm64 1.19.2-2
2024-06-27 14:10:50 status half-installed libgssapi-krb5-2:arm64 1.19.2-2
2024-06-27 14:10:50 status unpacked libgssapi-krb5-2:arm64 1.19.2-2
2024-06-27 14:10:50 startup packages configure
2024-06-27 14:10:50 configure libgssapi-krb5-2:arm64 1.19.2-2 <none>
2024-06-27 14:10:50 status unpacked libgssapi-krb5-2:arm64 1.19.2-2
2024-06-27 14:10:50 status half-configured libgssapi-krb5-2:arm64 1.19.2-2
2024-06-27 14:10:50 status installed libgssapi-krb5-2:arm64 1.19.2-2
2024-06-27 14:10:50 startup packages configure
2024-06-27 14:10:50 trigproc libc-bin:arm64 2.35-0ubuntu3 <none>
2024-06-27 14:10:50 status half-configured libc-bin:arm64 2.35-0ubuntu3
2024-06-27 14:10:50 status installed libc-bin:arm64 2.35-0ubuntu3
2024-06-27 14:10:53 startup archives unpack
2024-06-27 14:10:53 upgrade libhogweed6:arm64 3.7.3-1build2 3.7.3-1build2
2024-06-27 14:10:53 status triggers-pending libc-bin:arm64 2.35-0ubuntu3
2024-06-27 14:10:53 status half-configured libhogweed6:arm64 3.7.3-1build2
2024-06-27 14:10:53 status unpacked libhogweed6:arm64 3.7.3-1build2
2024-06-27 14:10:53 status half-installed libhogweed6:arm64 3.7.3-1build2
2024-06-27 14:10:53 status unpacked libhogweed6:arm64 3.7.3-1build2
2024-06-27 14:10:53 startup packages configure
2024-06-27 14:10:53 configure libhogweed6:arm64 3.7.3-1build2 <none>
2024-06-27 14:10:53 status unpacked libhogweed6:arm64 3.7.3-1build2
2024-06-27 14:10:53 status half-configured libhogweed6:arm64 3.7.3-1build2
2024-06-27 14:10:53 status installed libhogweed6:arm64 3.7.3-1build2
2024-06-27 14:10:54 startup packages configure
2024-06-27 14:10:54 trigproc libc-bin:arm64 2.35-0ubuntu3 <none>
2024-06-27 14:10:54 status half-configured libc-bin:arm64 2.35-0ubuntu3
2024-06-27 14:10:54 status installed libc-bin:arm64 2.35-0ubuntu3
2024-06-27 14:10:56 startup archives unpack
2024-06-27 14:10:56 upgrade libidn2-0:arm64 2.3.2-2build1 2.3.2-2build1
2024-06-27 14:10:56 status triggers-pending libc-bin:arm64 2.35-0ubuntu3
2024-06-27 14:10:56 status half-configured libidn2-0:arm64 2.3.2-2build1
2024-06-27 14:10:56 status unpacked libidn2-0:arm64 2.3.2-2build1
2024-06-27 14:10:56 status half-installed libidn2-0:arm64 2.3.2-2build1
2024-06-27 14:10:56 status unpacked libidn2-0:arm64 2.3.2-2build1
2024-06-27 14:10:56 startup packages configure
2024-06-27 14:10:56 configure libidn2-0:arm64 2.3.2-2build1 <none>
2024-06-27 14:10:56 status unpacked libidn2-0:arm64 2.3.2-2build1
2024-06-27 14:10:56 status half-configured libidn2-0:arm64 2.3.2-2build1
2024-06-27 14:10:56 status installed libidn2-0:arm64 2.3.2-2build1
2024-06-27 14:10:57 startup packages configure
2024-06-27 14:10:57 trigproc libc-bin:arm64 2.35-0ubuntu3 <none>
2024-06-27 14:10:57 status half-configured libc-bin:arm64 2.35-0ubuntu3
2024-06-27 14:10:57 status installed libc-bin:arm64 2.35-0ubuntu3
2024-06-27 14:10:59 startup archives unpack
2024-06-27 14:10:59 upgrade libk5crypto3:arm64 1.19.2-2 1.19.2-2
2024-06-27 14:10:59 status triggers-pending libc-bin:arm64 2.35-0ubuntu3
2024-06-27 14:10:59 status half-configured libk5crypto3:arm64 1.19.2-2
2024-06-27 14:10:59 status unpacked libk5crypto3:arm64 1.19.2-2
2024-06-27 14:10:59 status half-installed libk5crypto3:arm64 1.19.2-2
2024-06-27 14:10:59 status unpacked libk5crypto3:arm64 1.19.2-2
2024-06-27 14:11:00 startup packages configure
2024-06-27 14:11:00 configure libk5crypto3:arm64 1.19.2-2 <none>
2024-06-27 14:11:00 status unpacked libk5crypto3:arm64 1.19.2-2
2024-06-27 14:11:00 status half-configured libk5crypto3:arm64 1.19.2-2
2024-06-27 14:11:00 status installed libk5crypto3:arm64 1.19.2-2
2024-06-27 14:11:00 startup packages configure
2024-06-27 14:11:00 trigproc libc-bin:arm64 2.35-0ubuntu3 <none>
2024-06-27 14:11:00 status half-configured libc-bin:arm64 2.35-0ubuntu3
2024-06-27 14:11:00 status installed libc-bin:arm64 2.35-0ubuntu3
2024-06-27 14:11:03 startup archives unpack
2024-06-27 14:11:03 upgrade libkeyutils1:arm64 1.6.1-2ubuntu3 1.6.1-2ubuntu3
2024-06-27 14:11:03 status triggers-pending libc-bin:arm64 2.35-0ubuntu3
2024-06-27 14:11:03 status half-configured libkeyutils1:arm64 1.6.1-2ubuntu3
2024-06-27 14:11:03 status unpacked libkeyutils1:arm64 1.6.1-2ubuntu3
2024-06-27 14:11:03 status half-installed libkeyutils1:arm64 1.6.1-2ubuntu3
2024-06-27 14:11:03 status unpacked libkeyutils1:arm64 1.6.1-2ubuntu3
2024-06-27 14:11:03 startup packages configure
2024-06-27 14:11:03 configure libkeyutils1:arm64 1.6.1-2ubuntu3 <none>
2024-06-27 14:11:03 status unpacked libkeyutils1:arm64 1.6.1-2ubuntu3
2024-06-27 14:11:03 status half-configured libkeyutils1:arm64 1.6.1-2ubuntu3
2024-06-27 14:11:03 status installed libkeyutils1:arm64 1.6.1-2ubuntu3
2024-06-27 14:11:03 startup packages configure
2024-06-27 14:11:03 trigproc libc-bin:arm64 2.35-0ubuntu3 <none>
2024-06-27 14:11:03 status half-configured libc-bin:arm64 2.35-0ubuntu3
2024-06-27 14:11:03 status installed libc-bin:arm64 2.35-0ubuntu3
2024-06-27 14:11:06 startup archives unpack
2024-06-27 14:11:06 upgrade libkrb5-3:arm64 1.19.2-2 1.19.2-2
2024-06-27 14:11:06 status triggers-pending libc-bin:arm64 2.35-0ubuntu3
2024-06-27 14:11:06 status half-configured libkrb5-3:arm64 1.19.2-2
2024-06-27 14:11:06 status unpacked libkrb5-3:arm64 1.19.2-2
2024-06-27 14:11:06 status half-installed libkrb5-3:arm64 1.19.2-2
2024-06-27 14:11:06 status unpacked libkrb5-3:arm64 1.19.2-2
2024-06-27 14:11:06 startup packages configure
2024-06-27 14:11:06 configure libkrb5-3:arm64 1.19.2-2 <none>
2024-06-27 14:11:06 status unpacked libkrb5-3:arm64 1.19.2-2
2024-06-27 14:11:06 status half-configured libkrb5-3:arm64 1.19.2-2
2024-06-27 14:11:06 status installed libkrb5-3:arm64 1.19.2-2
2024-06-27 14:11:07 startup packages configure
2024-06-27 14:11:07 trigproc libc-bin:arm64 2.35-0ubuntu3 <none>
2024-06-27 14:11:07 status half-configured libc-bin:arm64 2.35-0ubuntu3
2024-06-27 14:11:07 status installed libc-bin:arm64 2.35-0ubuntu3
2024-06-27 14:11:09 startup archives unpack
2024-06-27 14:11:09 upgrade libkrb5support0:arm64 1.19.2-2 1.19.2-2
2024-06-27 14:11:09 status triggers-pending libc-bin:arm64 2.35-0ubuntu3
2024-06-27 14:11:09 status half-configured libkrb5support0:arm64 1.19.2-2
2024-06-27 14:11:09 status unpacked libkrb5support0:arm64 1.19.2-2
2024-06-27 14:11:09 status half-installed libkrb5support0:arm64 1.19.2-2
2024-06-27 14:11:09 status unpacked libkrb5support0:arm64 1.19.2-2
2024-06-27 14:11:09 startup packages configure
2024-06-27 14:11:09 configure libkrb5support0:arm64 1.19.2-2 <none>
2024-06-27 14:11:09 status unpacked libkrb5support0:arm64 1.19.2-2
2024-06-27 14:11:09 status half-configured libkrb5support0:arm64 1.19.2-2
2024-06-27 14:11:09 status installed libkrb5support0:arm64 1.19.2-2
2024-06-27 14:11:10 startup packages configure
2024-06-27 14:11:10 trigproc libc-bin:arm64 2.35-0ubuntu3 <none>
2024-06-27 14:11:10 status half-configured libc-bin:arm64 2.35-0ubuntu3
2024-06-27 14:11:10 status installed libc-bin:arm64 2.35-0ubuntu3
2024-06-27 14:11:12 startup archives unpack
2024-06-27 14:11:12 upgrade liblz4-1:arm64 1.9.3-2build2 1.9.3-2build2
2024-06-27 14:11:12 status triggers-pending libc-bin:arm64 2.35-0ubuntu3
2024-06-27 14:11:12 status half-configured liblz4-1:arm64 1.9.3-2build2
2024-06-27 14:11:12 status unpacked liblz4-1:arm64 1.9.3-2build2
2024-06-27 14:11:12 status half-installed liblz4-1:arm64 1.9.3-2build2
2024-06-27 14:11:12 status unpacked liblz4-1:arm64 1.9.3-2build2
2024-06-27 14:11:13 startup packages configure
2024-06-27 14:11:13 configure liblz4-1:arm64 1.9.3-2build2 <none>
2024-06-27 14:11:13 status unpacked liblz4-1:arm64 1.9.3-2build2
2024-06-27 14:11:13 status half-configured liblz4-1:arm64 1.9.3-2build2
2024-06-27 14:11:13 status installed liblz4-1:arm64 1.9.3-2build2
2024-06-27 14:11:13 startup packages configure
2024-06-27 14:11:13 trigproc libc-bin:arm64 2.35-0ubuntu3 <none>
2024-06-27 14:11:13 status half-configured libc-bin:arm64 2.35-0ubuntu3
2024-06-27 14:11:13 status installed libc-bin:arm64 2.35-0ubuntu3
2024-06-27 14:11:15 startup archives unpack
2024-06-27 14:11:16 upgrade liblzma5:arm64 5.2.5-2ubuntu1 5.2.5-2ubuntu1
2024-06-27 14:11:16 status triggers-pending libc-bin:arm64 2.35-0ubuntu3
2024-06-27 14:11:16 status half-configured liblzma5:arm64 5.2.5-2ubuntu1
2024-06-27 14:11:16 status unpacked liblzma5:arm64 5.2.5-2ubuntu1
2024-06-27 14:11:16 status half-installed liblzma5:arm64 5.2.5-2ubuntu1
2024-06-27 14:11:16 status unpacked liblzma5:arm64 5.2.5-2ubuntu1
2024-06-27 14:11:16 startup packages configure
2024-06-27 14:11:16 configure liblzma5:arm64 5.2.5-2ubuntu1 <none>
2024-06-27 14:11:16 status unpacked liblzma5:arm64 5.2.5-2ubuntu1
2024-06-27 14:11:16 status half-configured liblzma5:arm64 5.2.5-2ubuntu1
2024-06-27 14:11:16 status installed liblzma5:arm64 5.2.5-2ubuntu1
2024-06-27 14:11:16 startup packages configure
2024-06-27 14:11:16 trigproc libc-bin:arm64 2.35-0ubuntu3 <none>
2024-06-27 14:11:16 status half-configured libc-bin:arm64 2.35-0ubuntu3
2024-06-27 14:11:16 status installed libc-bin:arm64 2.35-0ubuntu3
2024-06-27 14:11:19 startup archives unpack
2024-06-27 14:11:19 upgrade libmount1:arm64 2.37.2-4ubuntu3 2.37.2-4ubuntu3
2024-06-27 14:11:19 status triggers-pending libc-bin:arm64 2.35-0ubuntu3
2024-06-27 14:11:19 status half-configured libmount1:arm64 2.37.2-4ubuntu3
2024-06-27 14:11:19 status unpacked libmount1:arm64 2.37.2-4ubuntu3
2024-06-27 14:11:19 status half-installed libmount1:arm64 2.37.2-4ubuntu3
2024-06-27 14:11:19 status unpacked libmount1:arm64 2.37.2-4ubuntu3
2024-06-27 14:11:19 startup packages configure
2024-06-27 14:11:19 configure libmount1:arm64 2.37.2-4ubuntu3 <none>
2024-06-27 14:11:19 status unpacked libmount1:arm64 2.37.2-4ubuntu3
2024-06-27 14:11:19 status half-configured libmount1:arm64 2.37.2-4ubuntu3
2024-06-27 14:11:19 status installed libmount1:arm64 2.37.2-4ubuntu3
2024-06-27 14:11:19 startup packages configure
2024-06-27 14:11:19 trigproc libc-bin:arm64 2.35-0ubuntu3 <none>
2024-06-27 14:11:19 status half-configured libc-bin:arm64 2.35-0ubuntu3
2024-06-27 14:11:19 status installed libc-bin:arm64 2.35-0ubuntu3
2024-06-27 14:11:22 startup archives unpack
2024-06-27 14:11:22 upgrade libncurses6:arm64 6.3-2 6.3-2
2024-06-27 14:11:22 status triggers-pending libc-bin:arm64 2.35-0ubuntu3
2024-06-27 14:11:22 status half-configured libncurses6:arm64 6.3-2
2024-06-27 14:11:22 status unpacked libncurses6:arm64 6.3-2
2024-06-27 14:11:22 status half-installed libncurses6:arm64 6.3-2
2024-06-27 14:11:22 status unpacked libncurses6:arm64 6.3-2
2024-06-27 14:11:22 startup packages configure
2024-06-27 14:11:22 configure libncurses6:arm64 6.3-2 <none>
2024-06-27 14:11:22 status unpacked libncurses6:arm64 6.3-2
2024-06-27 14:11:22 status half-configured libncurses6:arm64 6.3-2
2024-06-27 14:11:22 status installed libncurses6:arm64 6.3-2
2024-06-27 14:11:22 trigproc libc-bin:arm64 2.35-0ubuntu3 <none>
2024-06-27 14:11:22 status half-configured libc-bin:arm64 2.35-0ubuntu3
2024-06-27 14:11:22 status installed libc-bin:arm64 2.35-0ubuntu3
2024-06-27 14:11:25 startup archives unpack
2024-06-27 14:11:25 upgrade libncursesw6:arm64 6.3-2 6.3-2
2024-06-27 14:11:25 status triggers-pending libc-bin:arm64 2.35-0ubuntu3
2024-06-27 14:11:25 status half-configured libncursesw6:arm64 6.3-2
2024-06-27 14:11:25 status unpacked libncursesw6:arm64 6.3-2
2024-06-27 14:11:25 status half-installed libncursesw6:arm64 6.3-2
2024-06-27 14:11:25 status unpacked libncursesw6:arm64 6.3-2
2024-06-27 14:11:25 startup packages configure
2024-06-27 14:11:25 configure libncursesw6:arm64 6.3-2 <none>
2024-06-27 14:11:25 status unpacked libncursesw6:arm64 6.3-2
2024-06-27 14:11:25 status half-configured libncursesw6:arm64 6.3-2
2024-06-27 14:11:25 status installed libncursesw6:arm64 6.3-2
2024-06-27 14:11:25 trigproc libc-bin:arm64 2.35-0ubuntu3 <none>
2024-06-27 14:11:25 status half-configured libc-bin:arm64 2.35-0ubuntu3
2024-06-27 14:11:26 status installed libc-bin:arm64 2.35-0ubuntu3
2024-06-27 14:11:28 startup archives unpack
2024-06-27 14:11:28 upgrade libnettle8:arm64 3.7.3-1build2 3.7.3-1build2
2024-06-27 14:11:28 status triggers-pending libc-bin:arm64 2.35-0ubuntu3
2024-06-27 14:11:28 status half-configured libnettle8:arm64 3.7.3-1build2
2024-06-27 14:11:28 status unpacked libnettle8:arm64 3.7.3-1build2
2024-06-27 14:11:28 status half-installed libnettle8:arm64 3.7.3-1build2
2024-06-27 14:11:28 status unpacked libnettle8:arm64 3.7.3-1build2
2024-06-27 14:11:29 startup packages configure
2024-06-27 14:11:29 configure libnettle8:arm64 3.7.3-1build2 <none>
2024-06-27 14:11:29 status unpacked libnettle8:arm64 3.7.3-1build2
2024-06-27 14:11:29 status half-configured libnettle8:arm64 3.7.3-1build2
2024-06-27 14:11:29 status installed libnettle8:arm64 3.7.3-1build2
2024-06-27 14:11:29 startup packages configure
2024-06-27 14:11:29 trigproc libc-bin:arm64 2.35-0ubuntu3 <none>
2024-06-27 14:11:29 status half-configured libc-bin:arm64 2.35-0ubuntu3
2024-06-27 14:11:29 status installed libc-bin:arm64 2.35-0ubuntu3
2024-06-27 14:11:31 startup archives unpack
2024-06-27 14:11:31 upgrade libnsl2:arm64 1.3.0-2build2 1.3.0-2build2
2024-06-27 14:11:31 status triggers-pending libc-bin:arm64 2.35-0ubuntu3
2024-06-27 14:11:31 status half-configured libnsl2:arm64 1.3.0-2build2
2024-06-27 14:11:31 status unpacked libnsl2:arm64 1.3.0-2build2
2024-06-27 14:11:31 status half-installed libnsl2:arm64 1.3.0-2build2
2024-06-27 14:11:31 status unpacked libnsl2:arm64 1.3.0-2build2
2024-06-27 14:11:32 startup packages configure
2024-06-27 14:11:32 configure libnsl2:arm64 1.3.0-2build2 <none>
2024-06-27 14:11:32 status unpacked libnsl2:arm64 1.3.0-2build2
2024-06-27 14:11:32 status half-configured libnsl2:arm64 1.3.0-2build2
2024-06-27 14:11:32 status installed libnsl2:arm64 1.3.0-2build2
2024-06-27 14:11:32 startup packages configure
2024-06-27 14:11:32 trigproc libc-bin:arm64 2.35-0ubuntu3 <none>
2024-06-27 14:11:32 status half-configured libc-bin:arm64 2.35-0ubuntu3
2024-06-27 14:11:32 status installed libc-bin:arm64 2.35-0ubuntu3
2024-06-27 14:11:35 startup archives unpack
2024-06-27 14:11:35 upgrade libp11-kit0:arm64 0.24.0-6build1 0.24.0-6build1
2024-06-27 14:11:35 status triggers-pending libc-bin:arm64 2.35-0ubuntu3
2024-06-27 14:11:35 status half-configured libp11-kit0:arm64 0.24.0-6build1
2024-06-27 14:11:35 status unpacked libp11-kit0:arm64 0.24.0-6build1
2024-06-27 14:11:35 status half-installed libp11-kit0:arm64 0.24.0-6build1
2024-06-27 14:11:35 status unpacked libp11-kit0:arm64 0.24.0-6build1
2024-06-27 14:11:35 startup packages configure
2024-06-27 14:11:35 configure libp11-kit0:arm64 0.24.0-6build1 <none>
2024-06-27 14:11:35 status unpacked libp11-kit0:arm64 0.24.0-6build1
2024-06-27 14:11:35 status half-configured libp11-kit0:arm64 0.24.0-6build1
2024-06-27 14:11:35 status installed libp11-kit0:arm64 0.24.0-6build1
2024-06-27 14:11:35 startup packages configure
2024-06-27 14:11:35 trigproc libc-bin:arm64 2.35-0ubuntu3 <none>
2024-06-27 14:11:35 status half-configured libc-bin:arm64 2.35-0ubuntu3
2024-06-27 14:11:35 status installed libc-bin:arm64 2.35-0ubuntu3
2024-06-27 14:11:38 startup archives unpack
2024-06-27 14:11:38 upgrade libpam-modules:arm64 1.4.0-11ubuntu2 1.4.0-11ubuntu2
2024-06-27 14:11:38 status half-configured libpam-modules:arm64 1.4.0-11ubuntu2
2024-06-27 14:11:38 status unpacked libpam-modules:arm64 1.4.0-11ubuntu2
2024-06-27 14:11:38 status half-installed libpam-modules:arm64 1.4.0-11ubuntu2
2024-06-27 14:11:38 status unpacked libpam-modules:arm64 1.4.0-11ubuntu2
2024-06-27 14:11:38 startup packages configure
2024-06-27 14:11:38 configure libpam-modules:arm64 1.4.0-11ubuntu2 <none>
2024-06-27 14:11:38 status unpacked libpam-modules:arm64 1.4.0-11ubuntu2
2024-06-27 14:11:38 status half-configured libpam-modules:arm64 1.4.0-11ubuntu2
2024-06-27 14:11:38 status installed libpam-modules:arm64 1.4.0-11ubuntu2
2024-06-27 14:11:39 startup packages configure
2024-06-27 14:11:41 startup archives unpack
2024-06-27 14:11:41 upgrade libpam-modules-bin:arm64 1.4.0-11ubuntu2 1.4.0-11ubuntu2
2024-06-27 14:11:41 status half-configured libpam-modules-bin:arm64 1.4.0-11ubuntu2
2024-06-27 14:11:41 status unpacked libpam-modules-bin:arm64 1.4.0-11ubuntu2
2024-06-27 14:11:41 status half-installed libpam-modules-bin:arm64 1.4.0-11ubuntu2
2024-06-27 14:11:41 status unpacked libpam-modules-bin:arm64 1.4.0-11ubuntu2
2024-06-27 14:11:41 startup packages configure
2024-06-27 14:11:41 configure libpam-modules-bin:arm64 1.4.0-11ubuntu2 <none>
2024-06-27 14:11:41 status unpacked libpam-modules-bin:arm64 1.4.0-11ubuntu2
2024-06-27 14:11:41 status half-configured libpam-modules-bin:arm64 1.4.0-11ubuntu2
2024-06-27 14:11:41 status installed libpam-modules-bin:arm64 1.4.0-11ubuntu2
2024-06-27 14:11:42 startup packages configure
2024-06-27 14:11:44 startup archives unpack
2024-06-27 14:11:44 upgrade libpam-runtime:all 1.4.0-11ubuntu2 1.4.0-11ubuntu2
2024-06-27 14:11:44 status half-configured libpam-runtime:all 1.4.0-11ubuntu2
2024-06-27 14:11:44 status unpacked libpam-runtime:all 1.4.0-11ubuntu2
2024-06-27 14:11:44 status half-installed libpam-runtime:all 1.4.0-11ubuntu2
2024-06-27 14:11:44 status unpacked libpam-runtime:all 1.4.0-11ubuntu2
2024-06-27 14:11:45 startup packages configure
2024-06-27 14:11:45 configure libpam-runtime:all 1.4.0-11ubuntu2 <none>
2024-06-27 14:11:45 status unpacked libpam-runtime:all 1.4.0-11ubuntu2
2024-06-27 14:11:45 status half-configured libpam-runtime:all 1.4.0-11ubuntu2
2024-06-27 14:11:45 status installed libpam-runtime:all 1.4.0-11ubuntu2
2024-06-27 14:11:45 startup packages configure
2024-06-27 14:11:48 startup archives unpack
2024-06-27 14:11:48 upgrade libpam0g:arm64 1.4.0-11ubuntu2 1.4.0-11ubuntu2
2024-06-27 14:11:48 status triggers-pending libc-bin:arm64 2.35-0ubuntu3
2024-06-27 14:11:48 status half-configured libpam0g:arm64 1.4.0-11ubuntu2
2024-06-27 14:11:48 status unpacked libpam0g:arm64 1.4.0-11ubuntu2
2024-06-27 14:11:48 status half-installed libpam0g:arm64 1.4.0-11ubuntu2
2024-06-27 14:11:48 status unpacked libpam0g:arm64 1.4.0-11ubuntu2
2024-06-27 14:11:48 startup packages configure
2024-06-27 14:11:48 configure libpam0g:arm64 1.4.0-11ubuntu2 <none>
2024-06-27 14:11:48 status unpacked libpam0g:arm64 1.4.0-11ubuntu2
2024-06-27 14:11:48 status half-configured libpam0g:arm64 1.4.0-11ubuntu2
2024-06-27 14:11:49 status installed libpam0g:arm64 1.4.0-11ubuntu2
2024-06-27 14:11:49 startup packages configure
2024-06-27 14:11:49 trigproc libc-bin:arm64 2.35-0ubuntu3 <none>
2024-06-27 14:11:49 status half-configured libc-bin:arm64 2.35-0ubuntu3
2024-06-27 14:11:49 status installed libc-bin:arm64 2.35-0ubuntu3
2024-06-27 14:11:52 startup archives unpack
2024-06-27 14:11:52 upgrade libpcre2-8-0:arm64 10.39-3build1 10.39-3build1
2024-06-27 14:11:52 status triggers-pending libc-bin:arm64 2.35-0ubuntu3
2024-06-27 14:11:52 status half-configured libpcre2-8-0:arm64 10.39-3build1
2024-06-27 14:11:52 status unpacked libpcre2-8-0:arm64 10.39-3build1
2024-06-27 14:11:52 status half-installed libpcre2-8-0:arm64 10.39-3build1
2024-06-27 14:11:52 status unpacked libpcre2-8-0:arm64 10.39-3build1
2024-06-27 14:11:52 startup packages configure
2024-06-27 14:11:52 configure libpcre2-8-0:arm64 10.39-3build1 <none>
2024-06-27 14:11:52 status unpacked libpcre2-8-0:arm64 10.39-3build1
2024-06-27 14:11:52 status half-configured libpcre2-8-0:arm64 10.39-3build1
2024-06-27 14:11:52 status installed libpcre2-8-0:arm64 10.39-3build1
2024-06-27 14:11:52 startup packages configure
2024-06-27 14:11:52 trigproc libc-bin:arm64 2.35-0ubuntu3 <none>
2024-06-27 14:11:52 status half-configured libc-bin:arm64 2.35-0ubuntu3
2024-06-27 14:11:52 status installed libc-bin:arm64 2.35-0ubuntu3
2024-06-27 14:11:55 startup archives unpack
2024-06-27 14:11:55 upgrade libpcre3:arm64 2:8.39-13build5 2:8.39-13build5
2024-06-27 14:11:55 status triggers-pending libc-bin:arm64 2.35-0ubuntu3
2024-06-27 14:11:55 status half-configured libpcre3:arm64 2:8.39-13build5
2024-06-27 14:11:55 status unpacked libpcre3:arm64 2:8.39-13build5
2024-06-27 14:11:55 status half-installed libpcre3:arm64 2:8.39-13build5
2024-06-27 14:11:55 status unpacked libpcre3:arm64 2:8.39-13build5
2024-06-27 14:11:55 startup packages configure
2024-06-27 14:11:55 configure libpcre3:arm64 2:8.39-13build5 <none>
2024-06-27 14:11:55 status unpacked libpcre3:arm64 2:8.39-13build5
2024-06-27 14:11:55 status half-configured libpcre3:arm64 2:8.39-13build5
2024-06-27 14:11:55 status installed libpcre3:arm64 2:8.39-13build5
2024-06-27 14:11:55 startup packages configure
2024-06-27 14:11:55 trigproc libc-bin:arm64 2.35-0ubuntu3 <none>
2024-06-27 14:11:55 status half-configured libc-bin:arm64 2.35-0ubuntu3
2024-06-27 14:11:55 status installed libc-bin:arm64 2.35-0ubuntu3
2024-06-27 14:11:58 startup archives unpack
2024-06-27 14:11:58 upgrade libprocps8:arm64 2:3.3.17-6ubuntu2 2:3.3.17-6ubuntu2
2024-06-27 14:11:58 status triggers-pending libc-bin:arm64 2.35-0ubuntu3
2024-06-27 14:11:58 status half-configured libprocps8:arm64 2:3.3.17-6ubuntu2
2024-06-27 14:11:58 status unpacked libprocps8:arm64 2:3.3.17-6ubuntu2
2024-06-27 14:11:58 status half-installed libprocps8:arm64 2:3.3.17-6ubuntu2
2024-06-27 14:11:58 status unpacked libprocps8:arm64 2:3.3.17-6ubuntu2
2024-06-27 14:11:58 startup packages configure
2024-06-27 14:11:58 configure libprocps8:arm64 2:3.3.17-6ubuntu2 <none>
2024-06-27 14:11:58 status unpacked libprocps8:arm64 2:3.3.17-6ubuntu2
2024-06-27 14:11:58 status half-configured libprocps8:arm64 2:3.3.17-6ubuntu2
2024-06-27 14:11:58 status installed libprocps8:arm64 2:3.3.17-6ubuntu2
2024-06-27 14:11:58 trigproc libc-bin:arm64 2.35-0ubuntu3 <none>
2024-06-27 14:11:58 status half-configured libc-bin:arm64 2.35-0ubuntu3
2024-06-27 14:11:58 status installed libc-bin:arm64 2.35-0ubuntu3
2024-06-27 14:12:01 startup archives unpack
2024-06-27 14:12:01 upgrade libseccomp2:arm64 2.5.3-2ubuntu2 2.5.3-2ubuntu2
2024-06-27 14:12:01 status triggers-pending libc-bin:arm64 2.35-0ubuntu3
2024-06-27 14:12:01 status half-configured libseccomp2:arm64 2.5.3-2ubuntu2
2024-06-27 14:12:01 status unpacked libseccomp2:arm64 2.5.3-2ubuntu2
2024-06-27 14:12:01 status half-installed libseccomp2:arm64 2.5.3-2ubuntu2
2024-06-27 14:12:01 status unpacked libseccomp2:arm64 2.5.3-2ubuntu2
2024-06-27 14:12:01 startup packages configure
2024-06-27 14:12:01 configure libseccomp2:arm64 2.5.3-2ubuntu2 <none>
2024-06-27 14:12:01 status unpacked libseccomp2:arm64 2.5.3-2ubuntu2
2024-06-27 14:12:01 status half-configured libseccomp2:arm64 2.5.3-2ubuntu2
2024-06-27 14:12:01 status installed libseccomp2:arm64 2.5.3-2ubuntu2
2024-06-27 14:12:02 startup packages configure
2024-06-27 14:12:02 trigproc libc-bin:arm64 2.35-0ubuntu3 <none>
2024-06-27 14:12:02 status half-configured libc-bin:arm64 2.35-0ubuntu3
2024-06-27 14:12:02 status installed libc-bin:arm64 2.35-0ubuntu3
2024-06-27 14:12:04 startup archives unpack
2024-06-27 14:12:05 upgrade libselinux1:arm64 3.3-1build2 3.3-1build2
2024-06-27 14:12:05 status triggers-pending libc-bin:arm64 2.35-0ubuntu3
2024-06-27 14:12:05 status half-configured libselinux1:arm64 3.3-1build2
2024-06-27 14:12:05 status unpacked libselinux1:arm64 3.3-1build2
2024-06-27 14:12:05 status half-installed libselinux1:arm64 3.3-1build2
2024-06-27 14:12:05 status unpacked libselinux1:arm64 3.3-1build2
2024-06-27 14:12:05 startup packages configure
2024-06-27 14:12:05 configure libselinux1:arm64 3.3-1build2 <none>
2024-06-27 14:12:05 status unpacked libselinux1:arm64 3.3-1build2
2024-06-27 14:12:05 status half-configured libselinux1:arm64 3.3-1build2
2024-06-27 14:12:05 status installed libselinux1:arm64 3.3-1build2
2024-06-27 14:12:05 startup packages configure
2024-06-27 14:12:05 trigproc libc-bin:arm64 2.35-0ubuntu3 <none>
2024-06-27 14:12:05 status half-configured libc-bin:arm64 2.35-0ubuntu3
2024-06-27 14:12:05 status installed libc-bin:arm64 2.35-0ubuntu3
2024-06-27 14:12:08 startup archives unpack
2024-06-27 14:12:08 upgrade libsemanage-common:all 3.3-1build2 3.3-1build2
2024-06-27 14:12:08 status half-configured libsemanage-common:all 3.3-1build2
2024-06-27 14:12:08 status unpacked libsemanage-common:all 3.3-1build2
2024-06-27 14:12:08 status half-installed libsemanage-common:all 3.3-1build2
2024-06-27 14:12:08 status unpacked libsemanage-common:all 3.3-1build2
2024-06-27 14:12:08 startup packages configure
2024-06-27 14:12:08 configure libsemanage-common:all 3.3-1build2 <none>
2024-06-27 14:12:08 status unpacked libsemanage-common:all 3.3-1build2
2024-06-27 14:12:08 status half-configured libsemanage-common:all 3.3-1build2
2024-06-27 14:12:08 status installed libsemanage-common:all 3.3-1build2
2024-06-27 14:12:08 startup packages configure
2024-06-27 14:12:12 startup archives unpack
2024-06-27 14:12:12 upgrade libsemanage2:arm64 3.3-1build2 3.3-1build2
2024-06-27 14:12:12 status triggers-pending libc-bin:arm64 2.35-0ubuntu3
2024-06-27 14:12:12 status half-configured libsemanage2:arm64 3.3-1build2
2024-06-27 14:12:12 status unpacked libsemanage2:arm64 3.3-1build2
2024-06-27 14:12:12 status half-installed libsemanage2:arm64 3.3-1build2
2024-06-27 14:12:12 status unpacked libsemanage2:arm64 3.3-1build2
2024-06-27 14:12:12 startup packages configure
2024-06-27 14:12:12 configure libsemanage2:arm64 3.3-1build2 <none>
2024-06-27 14:12:12 status unpacked libsemanage2:arm64 3.3-1build2
2024-06-27 14:12:12 status half-configured libsemanage2:arm64 3.3-1build2
2024-06-27 14:12:12 status installed libsemanage2:arm64 3.3-1build2
2024-06-27 14:12:12 startup packages configure
2024-06-27 14:12:12 trigproc libc-bin:arm64 2.35-0ubuntu3 <none>
2024-06-27 14:12:12 status half-configured libc-bin:arm64 2.35-0ubuntu3
2024-06-27 14:12:12 status installed libc-bin:arm64 2.35-0ubuntu3
2024-06-27 14:12:15 startup archives unpack
2024-06-27 14:12:15 upgrade libsepol2:arm64 3.3-1build1 3.3-1build1
2024-06-27 14:12:15 status triggers-pending libc-bin:arm64 2.35-0ubuntu3
2024-06-27 14:12:15 status half-configured libsepol2:arm64 3.3-1build1
2024-06-27 14:12:15 status unpacked libsepol2:arm64 3.3-1build1
2024-06-27 14:12:15 status half-installed libsepol2:arm64 3.3-1build1
2024-06-27 14:12:15 status unpacked libsepol2:arm64 3.3-1build1
2024-06-27 14:12:16 startup packages configure
2024-06-27 14:12:16 configure libsepol2:arm64 3.3-1build1 <none>
2024-06-27 14:12:16 status unpacked libsepol2:arm64 3.3-1build1
2024-06-27 14:12:16 status half-configured libsepol2:arm64 3.3-1build1
2024-06-27 14:12:16 status installed libsepol2:arm64 3.3-1build1
2024-06-27 14:12:16 startup packages configure
2024-06-27 14:12:16 trigproc libc-bin:arm64 2.35-0ubuntu3 <none>
2024-06-27 14:12:16 status half-configured libc-bin:arm64 2.35-0ubuntu3
2024-06-27 14:12:16 status installed libc-bin:arm64 2.35-0ubuntu3
2024-06-27 14:12:19 startup archives unpack
2024-06-27 14:12:19 upgrade libsmartcols1:arm64 2.37.2-4ubuntu3 2.37.2-4ubuntu3
2024-06-27 14:12:19 status triggers-pending libc-bin:arm64 2.35-0ubuntu3
2024-06-27 14:12:19 status half-configured libsmartcols1:arm64 2.37.2-4ubuntu3
2024-06-27 14:12:19 status unpacked libsmartcols1:arm64 2.37.2-4ubuntu3
2024-06-27 14:12:19 status half-installed libsmartcols1:arm64 2.37.2-4ubuntu3
2024-06-27 14:12:19 status unpacked libsmartcols1:arm64 2.37.2-4ubuntu3
2024-06-27 14:12:19 startup packages configure
2024-06-27 14:12:19 configure libsmartcols1:arm64 2.37.2-4ubuntu3 <none>
2024-06-27 14:12:19 status unpacked libsmartcols1:arm64 2.37.2-4ubuntu3
2024-06-27 14:12:19 status half-configured libsmartcols1:arm64 2.37.2-4ubuntu3
2024-06-27 14:12:19 status installed libsmartcols1:arm64 2.37.2-4ubuntu3
2024-06-27 14:12:19 startup packages configure
2024-06-27 14:12:19 trigproc libc-bin:arm64 2.35-0ubuntu3 <none>
2024-06-27 14:12:19 status half-configured libc-bin:arm64 2.35-0ubuntu3
2024-06-27 14:12:19 status installed libc-bin:arm64 2.35-0ubuntu3
2024-06-27 14:12:22 startup archives unpack
2024-06-27 14:12:22 upgrade libss2:arm64 1.46.5-2ubuntu1 1.46.5-2ubuntu1
2024-06-27 14:12:22 status triggers-pending libc-bin:arm64 2.35-0ubuntu3
2024-06-27 14:12:22 status half-configured libss2:arm64 1.46.5-2ubuntu1
2024-06-27 14:12:22 status unpacked libss2:arm64 1.46.5-2ubuntu1
2024-06-27 14:12:22 status half-installed libss2:arm64 1.46.5-2ubuntu1
2024-06-27 14:12:22 status unpacked libss2:arm64 1.46.5-2ubuntu1
2024-06-27 14:12:22 startup packages configure
2024-06-27 14:12:22 configure libss2:arm64 1.46.5-2ubuntu1 <none>
2024-06-27 14:12:22 status unpacked libss2:arm64 1.46.5-2ubuntu1
2024-06-27 14:12:22 status half-configured libss2:arm64 1.46.5-2ubuntu1
2024-06-27 14:12:22 status installed libss2:arm64 1.46.5-2ubuntu1
2024-06-27 14:12:22 trigproc libc-bin:arm64 2.35-0ubuntu3 <none>
2024-06-27 14:12:22 status half-configured libc-bin:arm64 2.35-0ubuntu3
2024-06-27 14:12:22 status installed libc-bin:arm64 2.35-0ubuntu3
2024-06-27 14:12:27 startup archives unpack
2024-06-27 14:12:27 upgrade libssl3:arm64 3.0.2-0ubuntu1 3.0.2-0ubuntu1
2024-06-27 14:12:27 status triggers-pending libc-bin:arm64 2.35-0ubuntu3
2024-06-27 14:12:27 status half-configured libssl3:arm64 3.0.2-0ubuntu1
2024-06-27 14:12:27 status unpacked libssl3:arm64 3.0.2-0ubuntu1
2024-06-27 14:12:27 status half-installed libssl3:arm64 3.0.2-0ubuntu1
2024-06-27 14:12:27 status unpacked libssl3:arm64 3.0.2-0ubuntu1
2024-06-27 14:12:27 startup packages configure
2024-06-27 14:12:27 configure libssl3:arm64 3.0.2-0ubuntu1 <none>
2024-06-27 14:12:27 status unpacked libssl3:arm64 3.0.2-0ubuntu1
2024-06-27 14:12:27 status half-configured libssl3:arm64 3.0.2-0ubuntu1
2024-06-27 14:12:27 status installed libssl3:arm64 3.0.2-0ubuntu1
2024-06-27 14:12:27 startup packages configure
2024-06-27 14:12:27 trigproc libc-bin:arm64 2.35-0ubuntu3 <none>
2024-06-27 14:12:27 status half-configured libc-bin:arm64 2.35-0ubuntu3
2024-06-27 14:12:27 status installed libc-bin:arm64 2.35-0ubuntu3
2024-06-27 14:12:31 startup archives unpack
2024-06-27 14:12:31 upgrade libstdc++6:arm64 12-20220319-1ubuntu1 12-20220319-1ubuntu1
2024-06-27 14:12:31 status triggers-pending libc-bin:arm64 2.35-0ubuntu3
2024-06-27 14:12:31 status half-configured libstdc++6:arm64 12-20220319-1ubuntu1
2024-06-27 14:12:31 status unpacked libstdc++6:arm64 12-20220319-1ubuntu1
2024-06-27 14:12:31 status half-installed libstdc++6:arm64 12-20220319-1ubuntu1
2024-06-27 14:12:31 status unpacked libstdc++6:arm64 12-20220319-1ubuntu1
2024-06-27 14:12:31 startup packages configure
2024-06-27 14:12:31 configure libstdc++6:arm64 12-20220319-1ubuntu1 <none>
2024-06-27 14:12:31 status unpacked libstdc++6:arm64 12-20220319-1ubuntu1
2024-06-27 14:12:31 status half-configured libstdc++6:arm64 12-20220319-1ubuntu1
2024-06-27 14:12:31 status installed libstdc++6:arm64 12-20220319-1ubuntu1
2024-06-27 14:12:31 startup packages configure
2024-06-27 14:12:31 trigproc libc-bin:arm64 2.35-0ubuntu3 <none>
2024-06-27 14:12:31 status half-configured libc-bin:arm64 2.35-0ubuntu3
2024-06-27 14:12:31 status installed libc-bin:arm64 2.35-0ubuntu3
2024-06-27 14:12:34 startup archives unpack
2024-06-27 14:12:35 upgrade libsystemd0:arm64 249.11-0ubuntu3 249.11-0ubuntu3
2024-06-27 14:12:35 status triggers-pending libc-bin:arm64 2.35-0ubuntu3
2024-06-27 14:12:35 status half-configured libsystemd0:arm64 249.11-0ubuntu3
2024-06-27 14:12:35 status unpacked libsystemd0:arm64 249.11-0ubuntu3
2024-06-27 14:12:35 status half-installed libsystemd0:arm64 249.11-0ubuntu3
2024-06-27 14:12:35 status unpacked libsystemd0:arm64 249.11-0ubuntu3
2024-06-27 14:12:35 startup packages configure
2024-06-27 14:12:35 configure libsystemd0:arm64 249.11-0ubuntu3 <none>
2024-06-27 14:12:35 status unpacked libsystemd0:arm64 249.11-0ubuntu3
2024-06-27 14:12:35 status half-configured libsystemd0:arm64 249.11-0ubuntu3
2024-06-27 14:12:35 status installed libsystemd0:arm64 249.11-0ubuntu3
2024-06-27 14:12:35 startup packages configure
2024-06-27 14:12:35 trigproc libc-bin:arm64 2.35-0ubuntu3 <none>
2024-06-27 14:12:35 status half-configured libc-bin:arm64 2.35-0ubuntu3
2024-06-27 14:12:35 status installed libc-bin:arm64 2.35-0ubuntu3
2024-06-27 14:12:38 startup archives unpack
2024-06-27 14:12:38 upgrade libtasn1-6:arm64 4.18.0-4build1 4.18.0-4build1
2024-06-27 14:12:38 status triggers-pending libc-bin:arm64 2.35-0ubuntu3
2024-06-27 14:12:38 status half-configured libtasn1-6:arm64 4.18.0-4build1
2024-06-27 14:12:38 status unpacked libtasn1-6:arm64 4.18.0-4build1
2024-06-27 14:12:38 status half-installed libtasn1-6:arm64 4.18.0-4build1
2024-06-27 14:12:38 status unpacked libtasn1-6:arm64 4.18.0-4build1
2024-06-27 14:12:38 startup packages configure
2024-06-27 14:12:38 configure libtasn1-6:arm64 4.18.0-4build1 <none>
2024-06-27 14:12:38 status unpacked libtasn1-6:arm64 4.18.0-4build1
2024-06-27 14:12:38 status half-configured libtasn1-6:arm64 4.18.0-4build1
2024-06-27 14:12:38 status installed libtasn1-6:arm64 4.18.0-4build1
2024-06-27 14:12:38 startup packages configure
2024-06-27 14:12:38 trigproc libc-bin:arm64 2.35-0ubuntu3 <none>
2024-06-27 14:12:38 status half-configured libc-bin:arm64 2.35-0ubuntu3
2024-06-27 14:12:38 status installed libc-bin:arm64 2.35-0ubuntu3
2024-06-27 14:12:41 startup archives unpack
2024-06-27 14:12:41 upgrade libtinfo6:arm64 6.3-2 6.3-2
2024-06-27 14:12:41 status triggers-pending libc-bin:arm64 2.35-0ubuntu3
2024-06-27 14:12:41 status half-configured libtinfo6:arm64 6.3-2
2024-06-27 14:12:41 status unpacked libtinfo6:arm64 6.3-2
2024-06-27 14:12:41 status half-installed libtinfo6:arm64 6.3-2
2024-06-27 14:12:41 status unpacked libtinfo6:arm64 6.3-2
2024-06-27 14:12:41 startup packages configure
2024-06-27 14:12:41 configure libtinfo6:arm64 6.3-2 <none>
2024-06-27 14:12:41 status unpacked libtinfo6:arm64 6.3-2
2024-06-27 14:12:41 status half-configured libtinfo6:arm64 6.3-2
2024-06-27 14:12:41 status installed libtinfo6:arm64 6.3-2
2024-06-27 14:12:41 startup packages configure
2024-06-27 14:12:41 trigproc libc-bin:arm64 2.35-0ubuntu3 <none>
2024-06-27 14:12:41 status half-configured libc-bin:arm64 2.35-0ubuntu3
2024-06-27 14:12:41 status installed libc-bin:arm64 2.35-0ubuntu3
2024-06-27 14:12:44 startup archives unpack
2024-06-27 14:12:44 upgrade libtirpc-common:all 1.3.2-2build1 1.3.2-2build1
2024-06-27 14:12:44 status half-configured libtirpc-common:all 1.3.2-2build1
2024-06-27 14:12:44 status unpacked libtirpc-common:all 1.3.2-2build1
2024-06-27 14:12:44 status half-installed libtirpc-common:all 1.3.2-2build1
2024-06-27 14:12:44 status unpacked libtirpc-common:all 1.3.2-2build1
2024-06-27 14:12:44 startup packages configure
2024-06-27 14:12:44 configure libtirpc-common:all 1.3.2-2build1 <none>
2024-06-27 14:12:44 status unpacked libtirpc-common:all 1.3.2-2build1
2024-06-27 14:12:44 status half-configured libtirpc-common:all 1.3.2-2build1
2024-06-27 14:12:44 status installed libtirpc-common:all 1.3.2-2build1
2024-06-27 14:12:44 startup packages configure
2024-06-27 14:12:47 startup archives unpack
2024-06-27 14:12:47 upgrade libtirpc3:arm64 1.3.2-2build1 1.3.2-2build1
2024-06-27 14:12:47 status triggers-pending libc-bin:arm64 2.35-0ubuntu3
2024-06-27 14:12:47 status half-configured libtirpc3:arm64 1.3.2-2build1
2024-06-27 14:12:47 status unpacked libtirpc3:arm64 1.3.2-2build1
2024-06-27 14:12:47 status half-installed libtirpc3:arm64 1.3.2-2build1
2024-06-27 14:12:47 status unpacked libtirpc3:arm64 1.3.2-2build1
2024-06-27 14:12:47 startup packages configure
2024-06-27 14:12:47 configure libtirpc3:arm64 1.3.2-2build1 <none>
2024-06-27 14:12:47 status unpacked libtirpc3:arm64 1.3.2-2build1
2024-06-27 14:12:47 status half-configured libtirpc3:arm64 1.3.2-2build1
2024-06-27 14:12:47 status installed libtirpc3:arm64 1.3.2-2build1
2024-06-27 14:12:47 startup packages configure
2024-06-27 14:12:47 trigproc libc-bin:arm64 2.35-0ubuntu3 <none>
2024-06-27 14:12:47 status half-configured libc-bin:arm64 2.35-0ubuntu3
2024-06-27 14:12:47 status installed libc-bin:arm64 2.35-0ubuntu3
2024-06-27 14:12:50 startup archives unpack
2024-06-27 14:12:50 upgrade libudev1:arm64 249.11-0ubuntu3 249.11-0ubuntu3
2024-06-27 14:12:50 status triggers-pending libc-bin:arm64 2.35-0ubuntu3
2024-06-27 14:12:50 status half-configured libudev1:arm64 249.11-0ubuntu3
2024-06-27 14:12:50 status unpacked libudev1:arm64 249.11-0ubuntu3
2024-06-27 14:12:50 status half-installed libudev1:arm64 249.11-0ubuntu3
2024-06-27 14:12:50 status unpacked libudev1:arm64 249.11-0ubuntu3
2024-06-27 14:12:50 startup packages configure
2024-06-27 14:12:50 configure libudev1:arm64 249.11-0ubuntu3 <none>
2024-06-27 14:12:50 status unpacked libudev1:arm64 249.11-0ubuntu3
2024-06-27 14:12:50 status half-configured libudev1:arm64 249.11-0ubuntu3
2024-06-27 14:12:50 status installed libudev1:arm64 249.11-0ubuntu3
2024-06-27 14:12:50 startup packages configure
2024-06-27 14:12:50 trigproc libc-bin:arm64 2.35-0ubuntu3 <none>
2024-06-27 14:12:50 status half-configured libc-bin:arm64 2.35-0ubuntu3
2024-06-27 14:12:50 status installed libc-bin:arm64 2.35-0ubuntu3
2024-06-27 14:12:53 startup archives unpack
2024-06-27 14:12:53 upgrade libunistring2:arm64 1.0-1 1.0-1
2024-06-27 14:12:53 status triggers-pending libc-bin:arm64 2.35-0ubuntu3
2024-06-27 14:12:53 status half-configured libunistring2:arm64 1.0-1
2024-06-27 14:12:53 status unpacked libunistring2:arm64 1.0-1
2024-06-27 14:12:53 status half-installed libunistring2:arm64 1.0-1
2024-06-27 14:12:54 status unpacked libunistring2:arm64 1.0-1
2024-06-27 14:12:54 startup packages configure
2024-06-27 14:12:54 configure libunistring2:arm64 1.0-1 <none>
2024-06-27 14:12:54 status unpacked libunistring2:arm64 1.0-1
2024-06-27 14:12:54 status half-configured libunistring2:arm64 1.0-1
2024-06-27 14:12:54 status installed libunistring2:arm64 1.0-1
2024-06-27 14:12:54 startup packages configure
2024-06-27 14:12:54 trigproc libc-bin:arm64 2.35-0ubuntu3 <none>
2024-06-27 14:12:54 status half-configured libc-bin:arm64 2.35-0ubuntu3
2024-06-27 14:12:54 status installed libc-bin:arm64 2.35-0ubuntu3
2024-06-27 14:12:57 startup archives unpack
2024-06-27 14:12:57 upgrade libuuid1:arm64 2.37.2-4ubuntu3 2.37.2-4ubuntu3
2024-06-27 14:12:57 status triggers-pending libc-bin:arm64 2.35-0ubuntu3
2024-06-27 14:12:57 status half-configured libuuid1:arm64 2.37.2-4ubuntu3
2024-06-27 14:12:57 status unpacked libuuid1:arm64 2.37.2-4ubuntu3
2024-06-27 14:12:57 status half-installed libuuid1:arm64 2.37.2-4ubuntu3
2024-06-27 14:12:57 status unpacked libuuid1:arm64 2.37.2-4ubuntu3
2024-06-27 14:12:57 startup packages configure
2024-06-27 14:12:57 configure libuuid1:arm64 2.37.2-4ubuntu3 <none>
2024-06-27 14:12:57 status unpacked libuuid1:arm64 2.37.2-4ubuntu3
2024-06-27 14:12:57 status half-configured libuuid1:arm64 2.37.2-4ubuntu3
2024-06-27 14:12:57 status installed libuuid1:arm64 2.37.2-4ubuntu3
2024-06-27 14:12:58 startup packages configure
2024-06-27 14:12:58 trigproc libc-bin:arm64 2.35-0ubuntu3 <none>
2024-06-27 14:12:58 status half-configured libc-bin:arm64 2.35-0ubuntu3
2024-06-27 14:12:58 status installed libc-bin:arm64 2.35-0ubuntu3
2024-06-27 14:13:00 startup archives unpack
2024-06-27 14:13:00 upgrade libxxhash0:arm64 0.8.1-1 0.8.1-1
2024-06-27 14:13:00 status triggers-pending libc-bin:arm64 2.35-0ubuntu3
2024-06-27 14:13:00 status half-configured libxxhash0:arm64 0.8.1-1
2024-06-27 14:13:00 status unpacked libxxhash0:arm64 0.8.1-1
2024-06-27 14:13:00 status half-installed libxxhash0:arm64 0.8.1-1
2024-06-27 14:13:00 status unpacked libxxhash0:arm64 0.8.1-1
2024-06-27 14:13:01 startup packages configure
2024-06-27 14:13:01 configure libxxhash0:arm64 0.8.1-1 <none>
2024-06-27 14:13:01 status unpacked libxxhash0:arm64 0.8.1-1
2024-06-27 14:13:01 status half-configured libxxhash0:arm64 0.8.1-1
2024-06-27 14:13:01 status installed libxxhash0:arm64 0.8.1-1
2024-06-27 14:13:01 startup packages configure
2024-06-27 14:13:01 trigproc libc-bin:arm64 2.35-0ubuntu3 <none>
2024-06-27 14:13:01 status half-configured libc-bin:arm64 2.35-0ubuntu3
2024-06-27 14:13:01 status installed libc-bin:arm64 2.35-0ubuntu3
2024-06-27 14:13:04 startup archives unpack
2024-06-27 14:13:04 upgrade libzstd1:arm64 1.4.8+dfsg-3build1 1.4.8+dfsg-3build1
2024-06-27 14:13:04 status triggers-pending libc-bin:arm64 2.35-0ubuntu3
2024-06-27 14:13:04 status half-configured libzstd1:arm64 1.4.8+dfsg-3build1
2024-06-27 14:13:04 status unpacked libzstd1:arm64 1.4.8+dfsg-3build1
2024-06-27 14:13:04 status half-installed libzstd1:arm64 1.4.8+dfsg-3build1
2024-06-27 14:13:04 status unpacked libzstd1:arm64 1.4.8+dfsg-3build1
2024-06-27 14:13:04 startup packages configure
2024-06-27 14:13:04 configure libzstd1:arm64 1.4.8+dfsg-3build1 <none>
2024-06-27 14:13:04 status unpacked libzstd1:arm64 1.4.8+dfsg-3build1
2024-06-27 14:13:04 status half-configured libzstd1:arm64 1.4.8+dfsg-3build1
2024-06-27 14:13:04 status installed libzstd1:arm64 1.4.8+dfsg-3build1
2024-06-27 14:13:04 startup packages configure
2024-06-27 14:13:04 trigproc libc-bin:arm64 2.35-0ubuntu3 <none>
2024-06-27 14:13:04 status half-configured libc-bin:arm64 2.35-0ubuntu3
2024-06-27 14:13:05 status installed libc-bin:arm64 2.35-0ubuntu3
2024-06-27 14:13:07 startup archives unpack
2024-06-27 14:13:07 upgrade login:arm64 1:4.8.1-2ubuntu2 1:4.8.1-2ubuntu2
2024-06-27 14:13:07 status half-configured login:arm64 1:4.8.1-2ubuntu2
2024-06-27 14:13:07 status unpacked login:arm64 1:4.8.1-2ubuntu2
2024-06-27 14:13:08 status half-installed login:arm64 1:4.8.1-2ubuntu2
2024-06-27 14:13:08 status unpacked login:arm64 1:4.8.1-2ubuntu2
2024-06-27 14:13:08 startup packages configure
2024-06-27 14:13:08 configure login:arm64 1:4.8.1-2ubuntu2 <none>
2024-06-27 14:13:08 status unpacked login:arm64 1:4.8.1-2ubuntu2
2024-06-27 14:13:08 status half-configured login:arm64 1:4.8.1-2ubuntu2
2024-06-27 14:13:08 status installed login:arm64 1:4.8.1-2ubuntu2
2024-06-27 14:13:08 startup packages configure
2024-06-27 14:13:10 startup archives unpack
2024-06-27 14:13:10 upgrade logsave:arm64 1.46.5-2ubuntu1 1.46.5-2ubuntu1
2024-06-27 14:13:10 status half-configured logsave:arm64 1.46.5-2ubuntu1
2024-06-27 14:13:10 status unpacked logsave:arm64 1.46.5-2ubuntu1
2024-06-27 14:13:10 status half-installed logsave:arm64 1.46.5-2ubuntu1
2024-06-27 14:13:10 status unpacked logsave:arm64 1.46.5-2ubuntu1
2024-06-27 14:13:11 startup packages configure
2024-06-27 14:13:11 configure logsave:arm64 1.46.5-2ubuntu1 <none>
2024-06-27 14:13:11 status unpacked logsave:arm64 1.46.5-2ubuntu1
2024-06-27 14:13:11 status half-configured logsave:arm64 1.46.5-2ubuntu1
2024-06-27 14:13:11 status installed logsave:arm64 1.46.5-2ubuntu1
2024-06-27 14:13:13 startup archives unpack
2024-06-27 14:13:13 upgrade lsb-base:all 11.1.0ubuntu4 11.1.0ubuntu4
2024-06-27 14:13:13 status half-configured lsb-base:all 11.1.0ubuntu4
2024-06-27 14:13:13 status unpacked lsb-base:all 11.1.0ubuntu4
2024-06-27 14:13:13 status half-installed lsb-base:all 11.1.0ubuntu4
2024-06-27 14:13:13 status unpacked lsb-base:all 11.1.0ubuntu4
2024-06-27 14:13:14 startup packages configure
2024-06-27 14:13:14 configure lsb-base:all 11.1.0ubuntu4 <none>
2024-06-27 14:13:14 status unpacked lsb-base:all 11.1.0ubuntu4
2024-06-27 14:13:14 status half-configured lsb-base:all 11.1.0ubuntu4
2024-06-27 14:13:14 status installed lsb-base:all 11.1.0ubuntu4
2024-06-27 14:13:14 startup packages configure
2024-06-27 14:13:16 startup archives unpack
2024-06-27 14:13:16 upgrade mawk:arm64 1.3.4.20200120-3 1.3.4.20200120-3
2024-06-27 14:13:16 status half-configured mawk:arm64 1.3.4.20200120-3
2024-06-27 14:13:16 status unpacked mawk:arm64 1.3.4.20200120-3
2024-06-27 14:13:16 status half-installed mawk:arm64 1.3.4.20200120-3
2024-06-27 14:13:16 status unpacked mawk:arm64 1.3.4.20200120-3
2024-06-27 14:13:17 startup packages configure
2024-06-27 14:13:17 configure mawk:arm64 1.3.4.20200120-3 <none>
2024-06-27 14:13:17 status unpacked mawk:arm64 1.3.4.20200120-3
2024-06-27 14:13:17 status half-configured mawk:arm64 1.3.4.20200120-3
2024-06-27 14:13:17 status installed mawk:arm64 1.3.4.20200120-3
2024-06-27 14:13:19 startup archives unpack
2024-06-27 14:13:19 upgrade mount:arm64 2.37.2-4ubuntu3 2.37.2-4ubuntu3
2024-06-27 14:13:19 status half-configured mount:arm64 2.37.2-4ubuntu3
2024-06-27 14:13:19 status unpacked mount:arm64 2.37.2-4ubuntu3
2024-06-27 14:13:19 status half-installed mount:arm64 2.37.2-4ubuntu3
2024-06-27 14:13:19 status unpacked mount:arm64 2.37.2-4ubuntu3
2024-06-27 14:13:20 startup packages configure
2024-06-27 14:13:20 configure mount:arm64 2.37.2-4ubuntu3 <none>
2024-06-27 14:13:20 status unpacked mount:arm64 2.37.2-4ubuntu3
2024-06-27 14:13:20 status half-configured mount:arm64 2.37.2-4ubuntu3
2024-06-27 14:13:20 status installed mount:arm64 2.37.2-4ubuntu3
2024-06-27 14:13:22 startup archives unpack
2024-06-27 14:13:22 upgrade ncurses-base:all 6.3-2 6.3-2
2024-06-27 14:13:22 status half-configured ncurses-base:all 6.3-2
2024-06-27 14:13:22 status unpacked ncurses-base:all 6.3-2
2024-06-27 14:13:22 status half-installed ncurses-base:all 6.3-2
2024-06-27 14:13:22 status unpacked ncurses-base:all 6.3-2
2024-06-27 14:13:22 startup packages configure
2024-06-27 14:13:22 configure ncurses-base:all 6.3-2 <none>
2024-06-27 14:13:22 status unpacked ncurses-base:all 6.3-2
2024-06-27 14:13:22 status half-configured ncurses-base:all 6.3-2
2024-06-27 14:13:22 status installed ncurses-base:all 6.3-2
2024-06-27 14:13:22 startup packages configure
2024-06-27 14:13:25 startup archives unpack
2024-06-27 14:13:25 upgrade ncurses-bin:arm64 6.3-2 6.3-2
2024-06-27 14:13:25 status half-configured ncurses-bin:arm64 6.3-2
2024-06-27 14:13:25 status unpacked ncurses-bin:arm64 6.3-2
2024-06-27 14:13:25 status half-installed ncurses-bin:arm64 6.3-2
2024-06-27 14:13:25 status unpacked ncurses-bin:arm64 6.3-2
2024-06-27 14:13:25 startup packages configure
2024-06-27 14:13:25 configure ncurses-bin:arm64 6.3-2 <none>
2024-06-27 14:13:25 status unpacked ncurses-bin:arm64 6.3-2
2024-06-27 14:13:25 status half-configured ncurses-bin:arm64 6.3-2
2024-06-27 14:13:25 status installed ncurses-bin:arm64 6.3-2
2024-06-27 14:13:26 startup packages configure
2024-06-27 14:13:29 startup archives unpack
2024-06-27 14:13:29 upgrade passwd:arm64 1:4.8.1-2ubuntu2 1:4.8.1-2ubuntu2
2024-06-27 14:13:29 status half-configured passwd:arm64 1:4.8.1-2ubuntu2
2024-06-27 14:13:29 status unpacked passwd:arm64 1:4.8.1-2ubuntu2
2024-06-27 14:13:29 status half-installed passwd:arm64 1:4.8.1-2ubuntu2
2024-06-27 14:13:29 status unpacked passwd:arm64 1:4.8.1-2ubuntu2
2024-06-27 14:13:30 startup packages configure
2024-06-27 14:13:30 configure passwd:arm64 1:4.8.1-2ubuntu2 <none>
2024-06-27 14:13:30 status unpacked passwd:arm64 1:4.8.1-2ubuntu2
2024-06-27 14:13:30 status half-configured passwd:arm64 1:4.8.1-2ubuntu2
2024-06-27 14:13:30 status installed passwd:arm64 1:4.8.1-2ubuntu2
2024-06-27 14:13:30 startup packages configure
2024-06-27 14:13:34 startup archives unpack
2024-06-27 14:13:34 upgrade perl-base:arm64 5.34.0-3ubuntu1 5.34.0-3ubuntu1
2024-06-27 14:13:34 status half-configured perl-base:arm64 5.34.0-3ubuntu1
2024-06-27 14:13:34 status unpacked perl-base:arm64 5.34.0-3ubuntu1
2024-06-27 14:13:34 status half-installed perl-base:arm64 5.34.0-3ubuntu1
2024-06-27 14:13:34 status unpacked perl-base:arm64 5.34.0-3ubuntu1
2024-06-27 14:13:34 startup packages configure
2024-06-27 14:13:34 configure perl-base:arm64 5.34.0-3ubuntu1 <none>
2024-06-27 14:13:34 status unpacked perl-base:arm64 5.34.0-3ubuntu1
2024-06-27 14:13:34 status half-configured perl-base:arm64 5.34.0-3ubuntu1
2024-06-27 14:13:34 status installed perl-base:arm64 5.34.0-3ubuntu1
2024-06-27 14:13:35 startup packages configure
2024-06-27 14:13:37 startup archives unpack
2024-06-27 14:13:38 upgrade procps:arm64 2:3.3.17-6ubuntu2 2:3.3.17-6ubuntu2
2024-06-27 14:13:38 status half-configured procps:arm64 2:3.3.17-6ubuntu2
2024-06-27 14:13:38 status unpacked procps:arm64 2:3.3.17-6ubuntu2
2024-06-27 14:13:38 status half-installed procps:arm64 2:3.3.17-6ubuntu2
2024-06-27 14:13:38 status unpacked procps:arm64 2:3.3.17-6ubuntu2
2024-06-27 14:13:38 startup packages configure
2024-06-27 14:13:38 configure procps:arm64 2:3.3.17-6ubuntu2 <none>
2024-06-27 14:13:38 status unpacked procps:arm64 2:3.3.17-6ubuntu2
2024-06-27 14:13:38 status half-configured procps:arm64 2:3.3.17-6ubuntu2
2024-06-27 14:13:38 status installed procps:arm64 2:3.3.17-6ubuntu2
2024-06-27 14:13:41 startup archives unpack
2024-06-27 14:13:41 upgrade sed:arm64 4.8-1ubuntu2 4.8-1ubuntu2
2024-06-27 14:13:41 status half-configured sed:arm64 4.8-1ubuntu2
2024-06-27 14:13:41 status unpacked sed:arm64 4.8-1ubuntu2
2024-06-27 14:13:41 status half-installed sed:arm64 4.8-1ubuntu2
2024-06-27 14:13:41 status unpacked sed:arm64 4.8-1ubuntu2
2024-06-27 14:13:41 startup packages configure
2024-06-27 14:13:41 configure sed:arm64 4.8-1ubuntu2 <none>
2024-06-27 14:13:41 status unpacked sed:arm64 4.8-1ubuntu2
2024-06-27 14:13:41 status half-configured sed:arm64 4.8-1ubuntu2
2024-06-27 14:13:41 status installed sed:arm64 4.8-1ubuntu2
2024-06-27 14:13:41 startup packages configure
2024-06-27 14:13:44 startup archives unpack
2024-06-27 14:13:44 upgrade sensible-utils:all 0.0.17 0.0.17
2024-06-27 14:13:44 status half-configured sensible-utils:all 0.0.17
2024-06-27 14:13:44 status unpacked sensible-utils:all 0.0.17
2024-06-27 14:13:44 status half-installed sensible-utils:all 0.0.17
2024-06-27 14:13:44 status unpacked sensible-utils:all 0.0.17
2024-06-27 14:13:44 startup packages configure
2024-06-27 14:13:44 configure sensible-utils:all 0.0.17 <none>
2024-06-27 14:13:44 status unpacked sensible-utils:all 0.0.17
2024-06-27 14:13:44 status half-configured sensible-utils:all 0.0.17
2024-06-27 14:13:44 status installed sensible-utils:all 0.0.17
2024-06-27 14:13:46 startup archives unpack
2024-06-27 14:13:46 upgrade sysvinit-utils:arm64 3.01-1ubuntu1 3.01-1ubuntu1
2024-06-27 14:13:46 status half-configured sysvinit-utils:arm64 3.01-1ubuntu1
2024-06-27 14:13:46 status unpacked sysvinit-utils:arm64 3.01-1ubuntu1
2024-06-27 14:13:46 status half-installed sysvinit-utils:arm64 3.01-1ubuntu1
2024-06-27 14:13:46 status unpacked sysvinit-utils:arm64 3.01-1ubuntu1
2024-06-27 14:13:47 startup packages configure
2024-06-27 14:13:47 configure sysvinit-utils:arm64 3.01-1ubuntu1 <none>
2024-06-27 14:13:47 status unpacked sysvinit-utils:arm64 3.01-1ubuntu1
2024-06-27 14:13:47 status half-configured sysvinit-utils:arm64 3.01-1ubuntu1
2024-06-27 14:13:47 status installed sysvinit-utils:arm64 3.01-1ubuntu1
2024-06-27 14:13:47 startup packages configure
2024-06-27 14:13:50 startup archives unpack
2024-06-27 14:13:51 upgrade tar:arm64 1.34+dfsg-1build3 1.34+dfsg-1build3
2024-06-27 14:13:51 status half-configured tar:arm64 1.34+dfsg-1build3
2024-06-27 14:13:51 status unpacked tar:arm64 1.34+dfsg-1build3
2024-06-27 14:13:51 status half-installed tar:arm64 1.34+dfsg-1build3
2024-06-27 14:13:51 status unpacked tar:arm64 1.34+dfsg-1build3
2024-06-27 14:13:51 startup packages configure
2024-06-27 14:13:51 configure tar:arm64 1.34+dfsg-1build3 <none>
2024-06-27 14:13:51 status unpacked tar:arm64 1.34+dfsg-1build3
2024-06-27 14:13:51 status half-configured tar:arm64 1.34+dfsg-1build3
2024-06-27 14:13:51 status installed tar:arm64 1.34+dfsg-1build3
2024-06-27 14:13:51 startup packages configure
2024-06-27 14:13:54 startup archives unpack
2024-06-27 14:13:54 upgrade ubuntu-keyring:all 2021.03.26 2021.03.26
2024-06-27 14:13:54 status half-configured ubuntu-keyring:all 2021.03.26
2024-06-27 14:13:54 status unpacked ubuntu-keyring:all 2021.03.26
2024-06-27 14:13:54 status half-installed ubuntu-keyring:all 2021.03.26
2024-06-27 14:13:54 status unpacked ubuntu-keyring:all 2021.03.26
2024-06-27 14:13:54 startup packages configure
2024-06-27 14:13:54 configure ubuntu-keyring:all 2021.03.26 <none>
2024-06-27 14:13:54 status unpacked ubuntu-keyring:all 2021.03.26
2024-06-27 14:13:54 status half-configured ubuntu-keyring:all 2021.03.26
2024-06-27 14:13:54 status installed ubuntu-keyring:all 2021.03.26
2024-06-27 14:13:54 startup packages configure
2024-06-27 14:13:57 startup archives unpack
2024-06-27 14:13:57 upgrade usrmerge:all 25ubuntu2 25ubuntu2
2024-06-27 14:13:57 status half-configured usrmerge:all 25ubuntu2
2024-06-27 14:13:57 status unpacked usrmerge:all 25ubuntu2
2024-06-27 14:13:57 status half-installed usrmerge:all 25ubuntu2
2024-06-27 14:13:57 status unpacked usrmerge:all 25ubuntu2
2024-06-27 14:13:57 startup packages configure
2024-06-27 14:13:57 configure usrmerge:all 25ubuntu2 <none>
2024-06-27 14:13:57 status unpacked usrmerge:all 25ubuntu2
2024-06-27 14:13:57 status half-configured usrmerge:all 25ubuntu2
2024-06-27 14:13:57 status installed usrmerge:all 25ubuntu2
2024-06-27 14:14:00 startup archives unpack
2024-06-27 14:14:01 upgrade util-linux:arm64 2.37.2-4ubuntu3 2.37.2-4ubuntu3
2024-06-27 14:14:01 status half-configured util-linux:arm64 2.37.2-4ubuntu3
2024-06-27 14:14:01 status unpacked util-linux:arm64 2.37.2-4ubuntu3
2024-06-27 14:14:01 status half-installed util-linux:arm64 2.37.2-4ubuntu3
2024-06-27 14:14:01 status unpacked util-linux:arm64 2.37.2-4ubuntu3
2024-06-27 14:14:01 startup packages configure
2024-06-27 14:14:01 configure util-linux:arm64 2.37.2-4ubuntu3 <none>
2024-06-27 14:14:01 status unpacked util-linux:arm64 2.37.2-4ubuntu3
2024-06-27 14:14:01 status half-configured util-linux:arm64 2.37.2-4ubuntu3
2024-06-27 14:14:01 status installed util-linux:arm64 2.37.2-4ubuntu3
2024-06-27 14:14:01 startup packages configure
2024-06-27 14:14:04 startup archives unpack
2024-06-27 14:14:04 upgrade zlib1g:arm64 1:1.2.11.dfsg-2ubuntu9 1:1.2.11.dfsg-2ubuntu9
2024-06-27 14:14:04 status triggers-pending libc-bin:arm64 2.35-0ubuntu3
2024-06-27 14:14:04 status half-configured zlib1g:arm64 1:1.2.11.dfsg-2ubuntu9
2024-06-27 14:14:04 status unpacked zlib1g:arm64 1:1.2.11.dfsg-2ubuntu9
2024-06-27 14:14:04 status half-installed zlib1g:arm64 1:1.2.11.dfsg-2ubuntu9
2024-06-27 14:14:04 status unpacked zlib1g:arm64 1:1.2.11.dfsg-2ubuntu9
2024-06-27 14:14:04 startup packages configure
2024-06-27 14:14:04 configure zlib1g:arm64 1:1.2.11.dfsg-2ubuntu9 <none>
2024-06-27 14:14:04 status unpacked zlib1g:arm64 1:1.2.11.dfsg-2ubuntu9
2024-06-27 14:14:04 status half-configured zlib1g:arm64 1:1.2.11.dfsg-2ubuntu9
2024-06-27 14:14:04 status installed zlib1g:arm64 1:1.2.11.dfsg-2ubuntu9
2024-06-27 14:14:04 startup packages configure
2024-06-27 14:14:04 trigproc libc-bin:arm64 2.35-0ubuntu3 <none>
2024-06-27 14:14:04 status half-configured libc-bin:arm64 2.35-0ubuntu3
2024-06-27 14:14:04 status installed libc-bin:arm64 2.35-0ubuntu3
2024-06-27 14:14:17 startup archives unpack
2024-06-27 14:14:17 upgrade gcc-12-base:arm64 12-20220319-1ubuntu1 12.3.0-1ubuntu1~22.04
2024-06-27 14:14:17 status half-configured gcc-12-base:arm64 12-20220319-1ubuntu1
2024-06-27 14:14:17 status unpacked gcc-12-base:arm64 12-20220319-1ubuntu1
2024-06-27 14:14:17 status half-installed gcc-12-base:arm64 12-20220319-1ubuntu1
2024-06-27 14:14:17 status unpacked gcc-12-base:arm64 12.3.0-1ubuntu1~22.04
2024-06-27 14:14:17 startup packages configure
2024-06-27 14:14:17 configure gcc-12-base:arm64 12.3.0-1ubuntu1~22.04 <none>
2024-06-27 14:14:17 status unpacked gcc-12-base:arm64 12.3.0-1ubuntu1~22.04
2024-06-27 14:14:17 status half-configured gcc-12-base:arm64 12.3.0-1ubuntu1~22.04
2024-06-27 14:14:17 status installed gcc-12-base:arm64 12.3.0-1ubuntu1~22.04
2024-06-27 14:14:17 startup archives unpack
2024-06-27 14:14:17 upgrade libgcc-s1:arm64 12-20220319-1ubuntu1 12.3.0-1ubuntu1~22.04
2024-06-27 14:14:17 status triggers-pending libc-bin:arm64 2.35-0ubuntu3
2024-06-27 14:14:17 status half-configured libgcc-s1:arm64 12-20220319-1ubuntu1
2024-06-27 14:14:17 status unpacked libgcc-s1:arm64 12-20220319-1ubuntu1
2024-06-27 14:14:17 status half-installed libgcc-s1:arm64 12-20220319-1ubuntu1
2024-06-27 14:14:17 status unpacked libgcc-s1:arm64 12.3.0-1ubuntu1~22.04
2024-06-27 14:14:17 startup packages configure
2024-06-27 14:14:17 configure libgcc-s1:arm64 12.3.0-1ubuntu1~22.04 <none>
2024-06-27 14:14:17 status unpacked libgcc-s1:arm64 12.3.0-1ubuntu1~22.04
2024-06-27 14:14:17 status half-configured libgcc-s1:arm64 12.3.0-1ubuntu1~22.04
2024-06-27 14:14:17 status installed libgcc-s1:arm64 12.3.0-1ubuntu1~22.04
2024-06-27 14:14:17 startup archives unpack
2024-06-27 14:14:17 upgrade libstdc++6:arm64 12-20220319-1ubuntu1 12.3.0-1ubuntu1~22.04
2024-06-27 14:14:17 status half-configured libstdc++6:arm64 12-20220319-1ubuntu1
2024-06-27 14:14:17 status unpacked libstdc++6:arm64 12-20220319-1ubuntu1
2024-06-27 14:14:17 status half-installed libstdc++6:arm64 12-20220319-1ubuntu1
2024-06-27 14:14:17 status unpacked libstdc++6:arm64 12.3.0-1ubuntu1~22.04
2024-06-27 14:14:17 startup packages configure
2024-06-27 14:14:17 configure libstdc++6:arm64 12.3.0-1ubuntu1~22.04 <none>
2024-06-27 14:14:17 status unpacked libstdc++6:arm64 12.3.0-1ubuntu1~22.04
2024-06-27 14:14:17 status half-configured libstdc++6:arm64 12.3.0-1ubuntu1~22.04
2024-06-27 14:14:17 status installed libstdc++6:arm64 12.3.0-1ubuntu1~22.04
2024-06-27 14:14:17 startup archives unpack
2024-06-27 14:14:18 upgrade libc6:arm64 2.35-0ubuntu3 2.35-0ubuntu3.8
2024-06-27 14:14:18 status half-configured libc6:arm64 2.35-0ubuntu3
2024-06-27 14:14:18 status unpacked libc6:arm64 2.35-0ubuntu3
2024-06-27 14:14:18 status half-installed libc6:arm64 2.35-0ubuntu3
2024-06-27 14:14:18 status unpacked libc6:arm64 2.35-0ubuntu3.8
2024-06-27 14:14:18 startup packages configure
2024-06-27 14:14:18 configure libc6:arm64 2.35-0ubuntu3.8 <none>
2024-06-27 14:14:18 status unpacked libc6:arm64 2.35-0ubuntu3.8
2024-06-27 14:14:18 status half-configured libc6:arm64 2.35-0ubuntu3.8
2024-06-27 14:14:18 status installed libc6:arm64 2.35-0ubuntu3.8
2024-06-27 14:14:18 startup archives unpack
2024-06-27 14:14:18 upgrade base-files:arm64 12ubuntu4 12ubuntu4.6
2024-06-27 14:14:18 status half-configured base-files:arm64 12ubuntu4
2024-06-27 14:14:18 status unpacked base-files:arm64 12ubuntu4
2024-06-27 14:14:18 status half-installed base-files:arm64 12ubuntu4
2024-06-27 14:14:18 status unpacked base-files:arm64 12ubuntu4.6
2024-06-27 14:14:18 startup packages configure
2024-06-27 14:14:18 configure base-files:arm64 12ubuntu4.6 <none>
2024-06-27 14:14:18 status unpacked base-files:arm64 12ubuntu4.6
2024-06-27 14:14:18 status half-configured base-files:arm64 12ubuntu4.6
2024-06-27 14:14:19 status installed base-files:arm64 12ubuntu4.6
2024-06-27 14:14:19 startup archives unpack
2024-06-27 14:14:19 upgrade bash:arm64 5.1-6ubuntu1 5.1-6ubuntu1.1
2024-06-27 14:14:19 status half-configured bash:arm64 5.1-6ubuntu1
2024-06-27 14:14:19 status unpacked bash:arm64 5.1-6ubuntu1
2024-06-27 14:14:19 status half-installed bash:arm64 5.1-6ubuntu1
2024-06-27 14:14:19 status unpacked bash:arm64 5.1-6ubuntu1.1
2024-06-27 14:14:19 startup packages configure
2024-06-27 14:14:19 configure bash:arm64 5.1-6ubuntu1.1 <none>
2024-06-27 14:14:19 status unpacked bash:arm64 5.1-6ubuntu1.1
2024-06-27 14:14:19 status half-configured bash:arm64 5.1-6ubuntu1.1
2024-06-27 14:14:19 status installed bash:arm64 5.1-6ubuntu1.1
2024-06-27 14:14:19 startup archives unpack
2024-06-27 14:14:19 upgrade bsdutils:arm64 1:2.37.2-4ubuntu3 1:2.37.2-4ubuntu3.4
2024-06-27 14:14:19 status half-configured bsdutils:arm64 1:2.37.2-4ubuntu3
2024-06-27 14:14:19 status unpacked bsdutils:arm64 1:2.37.2-4ubuntu3
2024-06-27 14:14:19 status half-installed bsdutils:arm64 1:2.37.2-4ubuntu3
2024-06-27 14:14:19 status unpacked bsdutils:arm64 1:2.37.2-4ubuntu3.4
2024-06-27 14:14:19 startup packages configure
2024-06-27 14:14:19 configure bsdutils:arm64 1:2.37.2-4ubuntu3.4 <none>
2024-06-27 14:14:19 status unpacked bsdutils:arm64 1:2.37.2-4ubuntu3.4
2024-06-27 14:14:19 status half-configured bsdutils:arm64 1:2.37.2-4ubuntu3.4
2024-06-27 14:14:19 status installed bsdutils:arm64 1:2.37.2-4ubuntu3.4
2024-06-27 14:14:19 startup archives unpack
2024-06-27 14:14:20 upgrade coreutils:arm64 8.32-4.1ubuntu1 8.32-4.1ubuntu1.2
2024-06-27 14:14:20 status half-configured coreutils:arm64 8.32-4.1ubuntu1
2024-06-27 14:14:20 status unpacked coreutils:arm64 8.32-4.1ubuntu1
2024-06-27 14:14:20 status half-installed coreutils:arm64 8.32-4.1ubuntu1
2024-06-27 14:14:20 status unpacked coreutils:arm64 8.32-4.1ubuntu1.2
2024-06-27 14:14:20 startup packages configure
2024-06-27 14:14:20 configure coreutils:arm64 8.32-4.1ubuntu1.2 <none>
2024-06-27 14:14:20 status unpacked coreutils:arm64 8.32-4.1ubuntu1.2
2024-06-27 14:14:20 status half-configured coreutils:arm64 8.32-4.1ubuntu1.2
2024-06-27 14:14:20 status installed coreutils:arm64 8.32-4.1ubuntu1.2
2024-06-27 14:14:20 startup archives unpack
2024-06-27 14:14:20 upgrade libsystemd0:arm64 249.11-0ubuntu3 249.11-0ubuntu3.12
2024-06-27 14:14:20 status half-configured libsystemd0:arm64 249.11-0ubuntu3
2024-06-27 14:14:20 status unpacked libsystemd0:arm64 249.11-0ubuntu3
2024-06-27 14:14:20 status half-installed libsystemd0:arm64 249.11-0ubuntu3
2024-06-27 14:14:20 status unpacked libsystemd0:arm64 249.11-0ubuntu3.12
2024-06-27 14:14:20 startup packages configure
2024-06-27 14:14:20 configure libsystemd0:arm64 249.11-0ubuntu3.12 <none>
2024-06-27 14:14:20 status unpacked libsystemd0:arm64 249.11-0ubuntu3.12
2024-06-27 14:14:20 status half-configured libsystemd0:arm64 249.11-0ubuntu3.12
2024-06-27 14:14:20 status installed libsystemd0:arm64 249.11-0ubuntu3.12
2024-06-27 14:14:20 startup archives unpack
2024-06-27 14:14:20 upgrade libudev1:arm64 249.11-0ubuntu3 249.11-0ubuntu3.12
2024-06-27 14:14:20 status half-configured libudev1:arm64 249.11-0ubuntu3
2024-06-27 14:14:20 status unpacked libudev1:arm64 249.11-0ubuntu3
2024-06-27 14:14:20 status half-installed libudev1:arm64 249.11-0ubuntu3
2024-06-27 14:14:20 status unpacked libudev1:arm64 249.11-0ubuntu3.12
2024-06-27 14:14:20 startup packages configure
2024-06-27 14:14:20 configure libudev1:arm64 249.11-0ubuntu3.12 <none>
2024-06-27 14:14:20 status unpacked libudev1:arm64 249.11-0ubuntu3.12
2024-06-27 14:14:20 status half-configured libudev1:arm64 249.11-0ubuntu3.12
2024-06-27 14:14:20 status installed libudev1:arm64 249.11-0ubuntu3.12
2024-06-27 14:14:20 startup archives unpack
2024-06-27 14:14:20 upgrade zlib1g:arm64 1:1.2.11.dfsg-2ubuntu9 1:1.2.11.dfsg-2ubuntu9.2
2024-06-27 14:14:20 status half-configured zlib1g:arm64 1:1.2.11.dfsg-2ubuntu9
2024-06-27 14:14:20 status unpacked zlib1g:arm64 1:1.2.11.dfsg-2ubuntu9
2024-06-27 14:14:20 status half-installed zlib1g:arm64 1:1.2.11.dfsg-2ubuntu9
2024-06-27 14:14:20 status unpacked zlib1g:arm64 1:1.2.11.dfsg-2ubuntu9.2
2024-06-27 14:14:20 startup packages configure
2024-06-27 14:14:20 configure zlib1g:arm64 1:1.2.11.dfsg-2ubuntu9.2 <none>
2024-06-27 14:14:20 status unpacked zlib1g:arm64 1:1.2.11.dfsg-2ubuntu9.2
2024-06-27 14:14:20 status half-configured zlib1g:arm64 1:1.2.11.dfsg-2ubuntu9.2
2024-06-27 14:14:20 status installed zlib1g:arm64 1:1.2.11.dfsg-2ubuntu9.2
2024-06-27 14:14:20 startup archives unpack
2024-06-27 14:14:20 upgrade libapt-pkg6.0:arm64 2.4.5 2.4.12
2024-06-27 14:14:20 status half-configured libapt-pkg6.0:arm64 2.4.5
2024-06-27 14:14:20 status unpacked libapt-pkg6.0:arm64 2.4.5
2024-06-27 14:14:20 status half-installed libapt-pkg6.0:arm64 2.4.5
2024-06-27 14:14:20 status unpacked libapt-pkg6.0:arm64 2.4.12
2024-06-27 14:14:20 startup packages configure
2024-06-27 14:14:20 configure libapt-pkg6.0:arm64 2.4.12 <none>
2024-06-27 14:14:20 status unpacked libapt-pkg6.0:arm64 2.4.12
2024-06-27 14:14:20 status half-configured libapt-pkg6.0:arm64 2.4.12
2024-06-27 14:14:20 status installed libapt-pkg6.0:arm64 2.4.12
2024-06-27 14:14:20 startup archives unpack
2024-06-27 14:14:20 upgrade tar:arm64 1.34+dfsg-1build3 1.34+dfsg-1ubuntu0.1.22.04.2
2024-06-27 14:14:20 status half-configured tar:arm64 1.34+dfsg-1build3
2024-06-27 14:14:20 status unpacked tar:arm64 1.34+dfsg-1build3
2024-06-27 14:14:20 status half-installed tar:arm64 1.34+dfsg-1build3
2024-06-27 14:14:20 status unpacked tar:arm64 1.34+dfsg-1ubuntu0.1.22.04.2
2024-06-27 14:14:20 startup packages configure
2024-06-27 14:14:20 configure tar:arm64 1.34+dfsg-1ubuntu0.1.22.04.2 <none>
2024-06-27 14:14:20 status unpacked tar:arm64 1.34+dfsg-1ubuntu0.1.22.04.2
2024-06-27 14:14:20 status half-configured tar:arm64 1.34+dfsg-1ubuntu0.1.22.04.2
2024-06-27 14:14:20 status installed tar:arm64 1.34+dfsg-1ubuntu0.1.22.04.2
2024-06-27 14:14:20 startup archives unpack
2024-06-27 14:14:20 upgrade dpkg:arm64 1.21.1ubuntu2 1.21.1ubuntu2.3
2024-06-27 14:14:20 status half-configured dpkg:arm64 1.21.1ubuntu2
2024-06-27 14:14:21 status unpacked dpkg:arm64 1.21.1ubuntu2
2024-06-27 14:14:21 status half-installed dpkg:arm64 1.21.1ubuntu2
2024-06-27 14:14:21 status unpacked dpkg:arm64 1.21.1ubuntu2.3
2024-06-27 14:14:21 startup packages configure
2024-06-27 14:14:21 configure dpkg:arm64 1.21.1ubuntu2.3 <none>
2024-06-27 14:14:21 status unpacked dpkg:arm64 1.21.1ubuntu2.3
2024-06-27 14:14:21 status half-configured dpkg:arm64 1.21.1ubuntu2.3
2024-06-27 14:14:21 status installed dpkg:arm64 1.21.1ubuntu2.3
2024-06-27 14:14:21 startup archives unpack
2024-06-27 14:14:21 upgrade gzip:arm64 1.10-4ubuntu4 1.10-4ubuntu4.1
2024-06-27 14:14:21 status half-configured gzip:arm64 1.10-4ubuntu4
2024-06-27 14:14:21 status unpacked gzip:arm64 1.10-4ubuntu4
2024-06-27 14:14:21 status half-installed gzip:arm64 1.10-4ubuntu4
2024-06-27 14:14:21 status unpacked gzip:arm64 1.10-4ubuntu4.1
2024-06-27 14:14:21 startup packages configure
2024-06-27 14:14:21 configure gzip:arm64 1.10-4ubuntu4.1 <none>
2024-06-27 14:14:21 status unpacked gzip:arm64 1.10-4ubuntu4.1
2024-06-27 14:14:21 status half-configured gzip:arm64 1.10-4ubuntu4.1
2024-06-27 14:14:21 status installed gzip:arm64 1.10-4ubuntu4.1
2024-06-27 14:14:21 startup archives unpack
2024-06-27 14:14:21 upgrade login:arm64 1:4.8.1-2ubuntu2 1:4.8.1-2ubuntu2.2
2024-06-27 14:14:21 status half-configured login:arm64 1:4.8.1-2ubuntu2
2024-06-27 14:14:21 status unpacked login:arm64 1:4.8.1-2ubuntu2
2024-06-27 14:14:21 status half-installed login:arm64 1:4.8.1-2ubuntu2
2024-06-27 14:14:21 status unpacked login:arm64 1:4.8.1-2ubuntu2.2
2024-06-27 14:14:21 startup packages configure
2024-06-27 14:14:21 configure login:arm64 1:4.8.1-2ubuntu2.2 <none>
2024-06-27 14:14:21 status unpacked login:arm64 1:4.8.1-2ubuntu2.2
2024-06-27 14:14:21 status half-configured login:arm64 1:4.8.1-2ubuntu2.2
2024-06-27 14:14:21 status installed login:arm64 1:4.8.1-2ubuntu2.2
2024-06-27 14:14:21 startup archives unpack
2024-06-27 14:14:21 upgrade ncurses-bin:arm64 6.3-2 6.3-2ubuntu0.1
2024-06-27 14:14:21 status half-configured ncurses-bin:arm64 6.3-2
2024-06-27 14:14:21 status unpacked ncurses-bin:arm64 6.3-2
2024-06-27 14:14:21 status half-installed ncurses-bin:arm64 6.3-2
2024-06-27 14:14:21 status unpacked ncurses-bin:arm64 6.3-2ubuntu0.1
2024-06-27 14:14:21 startup packages configure
2024-06-27 14:14:21 configure ncurses-bin:arm64 6.3-2ubuntu0.1 <none>
2024-06-27 14:14:21 status unpacked ncurses-bin:arm64 6.3-2ubuntu0.1
2024-06-27 14:14:21 status half-configured ncurses-bin:arm64 6.3-2ubuntu0.1
2024-06-27 14:14:21 status installed ncurses-bin:arm64 6.3-2ubuntu0.1
2024-06-27 14:14:21 startup archives unpack
2024-06-27 14:14:22 upgrade perl-base:arm64 5.34.0-3ubuntu1 5.34.0-3ubuntu1.3
2024-06-27 14:14:22 status half-configured perl-base:arm64 5.34.0-3ubuntu1
2024-06-27 14:14:22 status unpacked perl-base:arm64 5.34.0-3ubuntu1
2024-06-27 14:14:22 status half-installed perl-base:arm64 5.34.0-3ubuntu1
2024-06-27 14:14:22 status unpacked perl-base:arm64 5.34.0-3ubuntu1.3
2024-06-27 14:14:22 startup packages configure
2024-06-27 14:14:22 configure perl-base:arm64 5.34.0-3ubuntu1.3 <none>
2024-06-27 14:14:22 status unpacked perl-base:arm64 5.34.0-3ubuntu1.3
2024-06-27 14:14:22 status half-configured perl-base:arm64 5.34.0-3ubuntu1.3
2024-06-27 14:14:22 status installed perl-base:arm64 5.34.0-3ubuntu1.3
2024-06-27 14:14:22 startup archives unpack
2024-06-27 14:14:22 upgrade util-linux:arm64 2.37.2-4ubuntu3 2.37.2-4ubuntu3.4
2024-06-27 14:14:22 status half-configured util-linux:arm64 2.37.2-4ubuntu3
2024-06-27 14:14:22 status unpacked util-linux:arm64 2.37.2-4ubuntu3
2024-06-27 14:14:22 status half-installed util-linux:arm64 2.37.2-4ubuntu3
2024-06-27 14:14:22 status unpacked util-linux:arm64 2.37.2-4ubuntu3.4
2024-06-27 14:14:22 startup packages configure
2024-06-27 14:14:22 configure util-linux:arm64 2.37.2-4ubuntu3.4 <none>
2024-06-27 14:14:22 status unpacked util-linux:arm64 2.37.2-4ubuntu3.4
2024-06-27 14:14:22 status half-configured util-linux:arm64 2.37.2-4ubuntu3.4
2024-06-27 14:14:23 status installed util-linux:arm64 2.37.2-4ubuntu3.4
2024-06-27 14:14:23 startup archives unpack
2024-06-27 14:14:23 upgrade libc-bin:arm64 2.35-0ubuntu3 2.35-0ubuntu3.8
2024-06-27 14:14:23 status half-configured libc-bin:arm64 2.35-0ubuntu3
2024-06-27 14:14:23 status unpacked libc-bin:arm64 2.35-0ubuntu3
2024-06-27 14:14:23 status half-installed libc-bin:arm64 2.35-0ubuntu3
2024-06-27 14:14:23 status unpacked libc-bin:arm64 2.35-0ubuntu3.8
2024-06-27 14:14:23 startup packages configure
2024-06-27 14:14:23 configure libc-bin:arm64 2.35-0ubuntu3.8 <none>
2024-06-27 14:14:23 status unpacked libc-bin:arm64 2.35-0ubuntu3.8
2024-06-27 14:14:23 status half-configured libc-bin:arm64 2.35-0ubuntu3.8
2024-06-27 14:14:23 status installed libc-bin:arm64 2.35-0ubuntu3.8
2024-06-27 14:14:23 startup archives unpack
2024-06-27 14:14:23 upgrade ncurses-base:all 6.3-2 6.3-2ubuntu0.1
2024-06-27 14:14:23 status half-configured ncurses-base:all 6.3-2
2024-06-27 14:14:23 status unpacked ncurses-base:all 6.3-2
2024-06-27 14:14:23 status half-installed ncurses-base:all 6.3-2
2024-06-27 14:14:23 status unpacked ncurses-base:all 6.3-2ubuntu0.1
2024-06-27 14:14:23 startup packages configure
2024-06-27 14:14:23 configure ncurses-base:all 6.3-2ubuntu0.1 <none>
2024-06-27 14:14:23 status unpacked ncurses-base:all 6.3-2ubuntu0.1
2024-06-27 14:14:23 status half-configured ncurses-base:all 6.3-2ubuntu0.1
2024-06-27 14:14:23 status installed ncurses-base:all 6.3-2ubuntu0.1
2024-06-27 14:14:23 startup archives unpack
2024-06-27 14:14:24 upgrade gpgv:arm64 2.2.27-3ubuntu2 2.2.27-3ubuntu2.1
2024-06-27 14:14:24 status half-configured gpgv:arm64 2.2.27-3ubuntu2
2024-06-27 14:14:24 status unpacked gpgv:arm64 2.2.27-3ubuntu2
2024-06-27 14:14:24 status half-installed gpgv:arm64 2.2.27-3ubuntu2
2024-06-27 14:14:24 status unpacked gpgv:arm64 2.2.27-3ubuntu2.1
2024-06-27 14:14:24 startup packages configure
2024-06-27 14:14:24 configure gpgv:arm64 2.2.27-3ubuntu2.1 <none>
2024-06-27 14:14:24 status unpacked gpgv:arm64 2.2.27-3ubuntu2.1
2024-06-27 14:14:24 status half-configured gpgv:arm64 2.2.27-3ubuntu2.1
2024-06-27 14:14:24 status installed gpgv:arm64 2.2.27-3ubuntu2.1
2024-06-27 14:14:24 startup archives unpack
2024-06-27 14:14:24 upgrade libgnutls30:arm64 3.7.3-4ubuntu1 3.7.3-4ubuntu1.5
2024-06-27 14:14:24 status triggers-pending libc-bin:arm64 2.35-0ubuntu3.8
2024-06-27 14:14:24 status half-configured libgnutls30:arm64 3.7.3-4ubuntu1
2024-06-27 14:14:24 status unpacked libgnutls30:arm64 3.7.3-4ubuntu1
2024-06-27 14:14:24 status half-installed libgnutls30:arm64 3.7.3-4ubuntu1
2024-06-27 14:14:24 status unpacked libgnutls30:arm64 3.7.3-4ubuntu1.5
2024-06-27 14:14:24 startup packages configure
2024-06-27 14:14:24 configure libgnutls30:arm64 3.7.3-4ubuntu1.5 <none>
2024-06-27 14:14:24 status unpacked libgnutls30:arm64 3.7.3-4ubuntu1.5
2024-06-27 14:14:24 status half-configured libgnutls30:arm64 3.7.3-4ubuntu1.5
2024-06-27 14:14:24 status installed libgnutls30:arm64 3.7.3-4ubuntu1.5
2024-06-27 14:14:24 startup archives unpack
2024-06-27 14:14:25 upgrade apt:arm64 2.4.5 2.4.12
2024-06-27 14:14:25 status half-configured apt:arm64 2.4.5
2024-06-27 14:14:25 status unpacked apt:arm64 2.4.5
2024-06-27 14:14:25 status half-installed apt:arm64 2.4.5
2024-06-27 14:14:25 status unpacked apt:arm64 2.4.12
2024-06-27 14:14:25 startup packages configure
2024-06-27 14:14:25 configure apt:arm64 2.4.12 <none>
2024-06-27 14:14:25 status unpacked apt:arm64 2.4.12
2024-06-27 14:14:25 status half-configured apt:arm64 2.4.12
2024-06-27 14:14:25 status installed apt:arm64 2.4.12
2024-06-27 14:14:25 startup archives unpack
2024-06-27 14:14:26 upgrade libpam0g:arm64 1.4.0-11ubuntu2 1.4.0-11ubuntu2.4
2024-06-27 14:14:26 status half-configured libpam0g:arm64 1.4.0-11ubuntu2
2024-06-27 14:14:26 status unpacked libpam0g:arm64 1.4.0-11ubuntu2
2024-06-27 14:14:26 status half-installed libpam0g:arm64 1.4.0-11ubuntu2
2024-06-27 14:14:26 status unpacked libpam0g:arm64 1.4.0-11ubuntu2.4
2024-06-27 14:14:26 startup packages configure
2024-06-27 14:14:26 configure libpam0g:arm64 1.4.0-11ubuntu2.4 <none>
2024-06-27 14:14:26 status unpacked libpam0g:arm64 1.4.0-11ubuntu2.4
2024-06-27 14:14:26 status half-configured libpam0g:arm64 1.4.0-11ubuntu2.4
2024-06-27 14:14:26 status installed libpam0g:arm64 1.4.0-11ubuntu2.4
2024-06-27 14:14:26 startup archives unpack
2024-06-27 14:14:26 upgrade libpam-modules-bin:arm64 1.4.0-11ubuntu2 1.4.0-11ubuntu2.4
2024-06-27 14:14:26 status half-configured libpam-modules-bin:arm64 1.4.0-11ubuntu2
2024-06-27 14:14:26 status unpacked libpam-modules-bin:arm64 1.4.0-11ubuntu2
2024-06-27 14:14:26 status half-installed libpam-modules-bin:arm64 1.4.0-11ubuntu2
2024-06-27 14:14:26 status unpacked libpam-modules-bin:arm64 1.4.0-11ubuntu2.4
2024-06-27 14:14:26 startup packages configure
2024-06-27 14:14:26 configure libpam-modules-bin:arm64 1.4.0-11ubuntu2.4 <none>
2024-06-27 14:14:26 status unpacked libpam-modules-bin:arm64 1.4.0-11ubuntu2.4
2024-06-27 14:14:26 status half-configured libpam-modules-bin:arm64 1.4.0-11ubuntu2.4
2024-06-27 14:14:26 status installed libpam-modules-bin:arm64 1.4.0-11ubuntu2.4
2024-06-27 14:14:26 startup archives unpack
2024-06-27 14:14:26 upgrade libpam-modules:arm64 1.4.0-11ubuntu2 1.4.0-11ubuntu2.4
2024-06-27 14:14:26 status half-configured libpam-modules:arm64 1.4.0-11ubuntu2
2024-06-27 14:14:26 status unpacked libpam-modules:arm64 1.4.0-11ubuntu2
2024-06-27 14:14:26 status half-installed libpam-modules:arm64 1.4.0-11ubuntu2
2024-06-27 14:14:26 status unpacked libpam-modules:arm64 1.4.0-11ubuntu2.4
2024-06-27 14:14:27 startup packages configure
2024-06-27 14:14:27 configure libpam-modules:arm64 1.4.0-11ubuntu2.4 <none>
2024-06-27 14:14:27 status unpacked libpam-modules:arm64 1.4.0-11ubuntu2.4
2024-06-27 14:14:27 status half-configured libpam-modules:arm64 1.4.0-11ubuntu2.4
2024-06-27 14:14:27 status installed libpam-modules:arm64 1.4.0-11ubuntu2.4
2024-06-27 14:14:27 startup archives unpack
2024-06-27 14:14:27 upgrade logsave:arm64 1.46.5-2ubuntu1 1.46.5-2ubuntu1.1
2024-06-27 14:14:27 status half-configured logsave:arm64 1.46.5-2ubuntu1
2024-06-27 14:14:27 status unpacked logsave:arm64 1.46.5-2ubuntu1
2024-06-27 14:14:27 status half-installed logsave:arm64 1.46.5-2ubuntu1
2024-06-27 14:14:27 status unpacked logsave:arm64 1.46.5-2ubuntu1.1
2024-06-27 14:14:27 upgrade libext2fs2:arm64 1.46.5-2ubuntu1 1.46.5-2ubuntu1.1
2024-06-27 14:14:27 status half-configured libext2fs2:arm64 1.46.5-2ubuntu1
2024-06-27 14:14:27 status unpacked libext2fs2:arm64 1.46.5-2ubuntu1
2024-06-27 14:14:27 status half-installed libext2fs2:arm64 1.46.5-2ubuntu1
2024-06-27 14:14:27 status unpacked libext2fs2:arm64 1.46.5-2ubuntu1.1
2024-06-27 14:14:27 startup packages configure
2024-06-27 14:14:27 configure libext2fs2:arm64 1.46.5-2ubuntu1.1 <none>
2024-06-27 14:14:27 status unpacked libext2fs2:arm64 1.46.5-2ubuntu1.1
2024-06-27 14:14:27 status half-configured libext2fs2:arm64 1.46.5-2ubuntu1.1
2024-06-27 14:14:27 status installed libext2fs2:arm64 1.46.5-2ubuntu1.1
2024-06-27 14:14:27 startup archives unpack
2024-06-27 14:14:27 upgrade e2fsprogs:arm64 1.46.5-2ubuntu1 1.46.5-2ubuntu1.1
2024-06-27 14:14:27 status half-configured e2fsprogs:arm64 1.46.5-2ubuntu1
2024-06-27 14:14:27 status unpacked e2fsprogs:arm64 1.46.5-2ubuntu1
2024-06-27 14:14:27 status half-installed e2fsprogs:arm64 1.46.5-2ubuntu1
2024-06-27 14:14:27 status unpacked e2fsprogs:arm64 1.46.5-2ubuntu1.1
2024-06-27 14:14:27 upgrade mount:arm64 2.37.2-4ubuntu3 2.37.2-4ubuntu3.4
2024-06-27 14:14:27 status half-configured mount:arm64 2.37.2-4ubuntu3
2024-06-27 14:14:27 status unpacked mount:arm64 2.37.2-4ubuntu3
2024-06-27 14:14:27 status half-installed mount:arm64 2.37.2-4ubuntu3
2024-06-27 14:14:27 status unpacked mount:arm64 2.37.2-4ubuntu3.4
2024-06-27 14:14:27 upgrade libblkid1:arm64 2.37.2-4ubuntu3 2.37.2-4ubuntu3.4
2024-06-27 14:14:27 status half-configured libblkid1:arm64 2.37.2-4ubuntu3
2024-06-27 14:14:27 status unpacked libblkid1:arm64 2.37.2-4ubuntu3
2024-06-27 14:14:27 status half-installed libblkid1:arm64 2.37.2-4ubuntu3
2024-06-27 14:14:27 status unpacked libblkid1:arm64 2.37.2-4ubuntu3.4
2024-06-27 14:14:27 startup packages configure
2024-06-27 14:14:27 configure libblkid1:arm64 2.37.2-4ubuntu3.4 <none>
2024-06-27 14:14:27 status unpacked libblkid1:arm64 2.37.2-4ubuntu3.4
2024-06-27 14:14:27 status half-configured libblkid1:arm64 2.37.2-4ubuntu3.4
2024-06-27 14:14:27 status installed libblkid1:arm64 2.37.2-4ubuntu3.4
2024-06-27 14:14:27 startup archives unpack
2024-06-27 14:14:28 upgrade libcap2:arm64 1:2.44-1build3 1:2.44-1ubuntu0.22.04.1
2024-06-27 14:14:28 status half-configured libcap2:arm64 1:2.44-1build3
2024-06-27 14:14:28 status unpacked libcap2:arm64 1:2.44-1build3
2024-06-27 14:14:28 status half-installed libcap2:arm64 1:2.44-1build3
2024-06-27 14:14:28 status unpacked libcap2:arm64 1:2.44-1ubuntu0.22.04.1
2024-06-27 14:14:28 startup packages configure
2024-06-27 14:14:28 configure libcap2:arm64 1:2.44-1ubuntu0.22.04.1 <none>
2024-06-27 14:14:28 status unpacked libcap2:arm64 1:2.44-1ubuntu0.22.04.1
2024-06-27 14:14:28 status half-configured libcap2:arm64 1:2.44-1ubuntu0.22.04.1
2024-06-27 14:14:28 status installed libcap2:arm64 1:2.44-1ubuntu0.22.04.1
2024-06-27 14:14:28 startup archives unpack
2024-06-27 14:14:28 upgrade libcom-err2:arm64 1.46.5-2ubuntu1 1.46.5-2ubuntu1.1
2024-06-27 14:14:28 status half-configured libcom-err2:arm64 1.46.5-2ubuntu1
2024-06-27 14:14:28 status unpacked libcom-err2:arm64 1.46.5-2ubuntu1
2024-06-27 14:14:28 status half-installed libcom-err2:arm64 1.46.5-2ubuntu1
2024-06-27 14:14:28 status unpacked libcom-err2:arm64 1.46.5-2ubuntu1.1
2024-06-27 14:14:28 startup packages configure
2024-06-27 14:14:28 configure libcom-err2:arm64 1.46.5-2ubuntu1.1 <none>
2024-06-27 14:14:28 status unpacked libcom-err2:arm64 1.46.5-2ubuntu1.1
2024-06-27 14:14:28 status half-configured libcom-err2:arm64 1.46.5-2ubuntu1.1
2024-06-27 14:14:28 status installed libcom-err2:arm64 1.46.5-2ubuntu1.1
2024-06-27 14:14:28 startup archives unpack
2024-06-27 14:14:28 upgrade libk5crypto3:arm64 1.19.2-2 1.19.2-2ubuntu0.3
2024-06-27 14:14:28 status half-configured libk5crypto3:arm64 1.19.2-2
2024-06-27 14:14:28 status unpacked libk5crypto3:arm64 1.19.2-2
2024-06-27 14:14:28 status half-installed libk5crypto3:arm64 1.19.2-2
2024-06-27 14:14:28 status unpacked libk5crypto3:arm64 1.19.2-2ubuntu0.3
2024-06-27 14:14:28 startup packages configure
2024-06-27 14:14:28 configure libk5crypto3:arm64 1.19.2-2ubuntu0.3 <none>
2024-06-27 14:14:28 status unpacked libk5crypto3:arm64 1.19.2-2ubuntu0.3
2024-06-27 14:14:28 status half-configured libk5crypto3:arm64 1.19.2-2ubuntu0.3
2024-06-27 14:14:28 status installed libk5crypto3:arm64 1.19.2-2ubuntu0.3
2024-06-27 14:14:28 startup archives unpack
2024-06-27 14:14:28 upgrade libkrb5support0:arm64 1.19.2-2 1.19.2-2ubuntu0.3
2024-06-27 14:14:28 status half-configured libkrb5support0:arm64 1.19.2-2
2024-06-27 14:14:28 status unpacked libkrb5support0:arm64 1.19.2-2
2024-06-27 14:14:28 status half-installed libkrb5support0:arm64 1.19.2-2
2024-06-27 14:14:28 status unpacked libkrb5support0:arm64 1.19.2-2ubuntu0.3
2024-06-27 14:14:28 startup packages configure
2024-06-27 14:14:28 configure libkrb5support0:arm64 1.19.2-2ubuntu0.3 <none>
2024-06-27 14:14:28 status unpacked libkrb5support0:arm64 1.19.2-2ubuntu0.3
2024-06-27 14:14:28 status half-configured libkrb5support0:arm64 1.19.2-2ubuntu0.3
2024-06-27 14:14:28 status installed libkrb5support0:arm64 1.19.2-2ubuntu0.3
2024-06-27 14:14:28 startup archives unpack
2024-06-27 14:14:28 upgrade libkrb5-3:arm64 1.19.2-2 1.19.2-2ubuntu0.3
2024-06-27 14:14:28 status half-configured libkrb5-3:arm64 1.19.2-2
2024-06-27 14:14:28 status unpacked libkrb5-3:arm64 1.19.2-2
2024-06-27 14:14:28 status half-installed libkrb5-3:arm64 1.19.2-2
2024-06-27 14:14:28 status unpacked libkrb5-3:arm64 1.19.2-2ubuntu0.3
2024-06-27 14:14:28 startup packages configure
2024-06-27 14:14:28 configure libkrb5-3:arm64 1.19.2-2ubuntu0.3 <none>
2024-06-27 14:14:28 status unpacked libkrb5-3:arm64 1.19.2-2ubuntu0.3
2024-06-27 14:14:28 status half-configured libkrb5-3:arm64 1.19.2-2ubuntu0.3
2024-06-27 14:14:28 status installed libkrb5-3:arm64 1.19.2-2ubuntu0.3
2024-06-27 14:14:28 startup archives unpack
2024-06-27 14:14:28 upgrade libgssapi-krb5-2:arm64 1.19.2-2 1.19.2-2ubuntu0.3
2024-06-27 14:14:28 status half-configured libgssapi-krb5-2:arm64 1.19.2-2
2024-06-27 14:14:28 status unpacked libgssapi-krb5-2:arm64 1.19.2-2
2024-06-27 14:14:28 status half-installed libgssapi-krb5-2:arm64 1.19.2-2
2024-06-27 14:14:28 status unpacked libgssapi-krb5-2:arm64 1.19.2-2ubuntu0.3
2024-06-27 14:14:28 startup packages configure
2024-06-27 14:14:28 configure libgssapi-krb5-2:arm64 1.19.2-2ubuntu0.3 <none>
2024-06-27 14:14:28 status unpacked libgssapi-krb5-2:arm64 1.19.2-2ubuntu0.3
2024-06-27 14:14:28 status half-configured libgssapi-krb5-2:arm64 1.19.2-2ubuntu0.3
2024-06-27 14:14:28 status installed libgssapi-krb5-2:arm64 1.19.2-2ubuntu0.3
2024-06-27 14:14:28 startup archives unpack
2024-06-27 14:14:28 upgrade libssl3:arm64 3.0.2-0ubuntu1 3.0.2-0ubuntu1.16
2024-06-27 14:14:28 status half-configured libssl3:arm64 3.0.2-0ubuntu1
2024-06-27 14:14:28 status unpacked libssl3:arm64 3.0.2-0ubuntu1
2024-06-27 14:14:28 status half-installed libssl3:arm64 3.0.2-0ubuntu1
2024-06-27 14:14:29 status unpacked libssl3:arm64 3.0.2-0ubuntu1.16
2024-06-27 14:14:29 startup packages configure
2024-06-27 14:14:29 configure libssl3:arm64 3.0.2-0ubuntu1.16 <none>
2024-06-27 14:14:29 status unpacked libssl3:arm64 3.0.2-0ubuntu1.16
2024-06-27 14:14:29 status half-configured libssl3:arm64 3.0.2-0ubuntu1.16
2024-06-27 14:14:29 status installed libssl3:arm64 3.0.2-0ubuntu1.16
2024-06-27 14:14:29 startup archives unpack
2024-06-27 14:14:29 upgrade libmount1:arm64 2.37.2-4ubuntu3 2.37.2-4ubuntu3.4
2024-06-27 14:14:29 status half-configured libmount1:arm64 2.37.2-4ubuntu3
2024-06-27 14:14:29 status unpacked libmount1:arm64 2.37.2-4ubuntu3
2024-06-27 14:14:29 status half-installed libmount1:arm64 2.37.2-4ubuntu3
2024-06-27 14:14:29 status unpacked libmount1:arm64 2.37.2-4ubuntu3.4
2024-06-27 14:14:29 startup packages configure
2024-06-27 14:14:29 configure libmount1:arm64 2.37.2-4ubuntu3.4 <none>
2024-06-27 14:14:29 status unpacked libmount1:arm64 2.37.2-4ubuntu3.4
2024-06-27 14:14:29 status half-configured libmount1:arm64 2.37.2-4ubuntu3.4
2024-06-27 14:14:29 status installed libmount1:arm64 2.37.2-4ubuntu3.4
2024-06-27 14:14:29 startup archives unpack
2024-06-27 14:14:29 upgrade libpam-runtime:all 1.4.0-11ubuntu2 1.4.0-11ubuntu2.4
2024-06-27 14:14:29 status half-configured libpam-runtime:all 1.4.0-11ubuntu2
2024-06-27 14:14:29 status unpacked libpam-runtime:all 1.4.0-11ubuntu2
2024-06-27 14:14:29 status half-installed libpam-runtime:all 1.4.0-11ubuntu2
2024-06-27 14:14:29 status unpacked libpam-runtime:all 1.4.0-11ubuntu2.4
2024-06-27 14:14:29 startup packages configure
2024-06-27 14:14:29 configure libpam-runtime:all 1.4.0-11ubuntu2.4 <none>
2024-06-27 14:14:29 status unpacked libpam-runtime:all 1.4.0-11ubuntu2.4
2024-06-27 14:14:29 status half-configured libpam-runtime:all 1.4.0-11ubuntu2.4
2024-06-27 14:14:29 status installed libpam-runtime:all 1.4.0-11ubuntu2.4
2024-06-27 14:14:29 startup archives unpack
2024-06-27 14:14:29 upgrade libpcre2-8-0:arm64 10.39-3build1 10.39-3ubuntu0.1
2024-06-27 14:14:29 status half-configured libpcre2-8-0:arm64 10.39-3build1
2024-06-27 14:14:29 status unpacked libpcre2-8-0:arm64 10.39-3build1
2024-06-27 14:14:29 status half-installed libpcre2-8-0:arm64 10.39-3build1
2024-06-27 14:14:29 status unpacked libpcre2-8-0:arm64 10.39-3ubuntu0.1
2024-06-27 14:14:29 startup packages configure
2024-06-27 14:14:29 configure libpcre2-8-0:arm64 10.39-3ubuntu0.1 <none>
2024-06-27 14:14:29 status unpacked libpcre2-8-0:arm64 10.39-3ubuntu0.1
2024-06-27 14:14:29 status half-configured libpcre2-8-0:arm64 10.39-3ubuntu0.1
2024-06-27 14:14:29 status installed libpcre2-8-0:arm64 10.39-3ubuntu0.1
2024-06-27 14:14:29 startup archives unpack
2024-06-27 14:14:29 upgrade libpcre3:arm64 2:8.39-13build5 2:8.39-13ubuntu0.22.04.1
2024-06-27 14:14:29 status half-configured libpcre3:arm64 2:8.39-13build5
2024-06-27 14:14:29 status unpacked libpcre3:arm64 2:8.39-13build5
2024-06-27 14:14:29 status half-installed libpcre3:arm64 2:8.39-13build5
2024-06-27 14:14:29 status unpacked libpcre3:arm64 2:8.39-13ubuntu0.22.04.1
2024-06-27 14:14:29 startup packages configure
2024-06-27 14:14:29 configure libpcre3:arm64 2:8.39-13ubuntu0.22.04.1 <none>
2024-06-27 14:14:29 status unpacked libpcre3:arm64 2:8.39-13ubuntu0.22.04.1
2024-06-27 14:14:29 status half-configured libpcre3:arm64 2:8.39-13ubuntu0.22.04.1
2024-06-27 14:14:29 status installed libpcre3:arm64 2:8.39-13ubuntu0.22.04.1
2024-06-27 14:14:29 startup archives unpack
2024-06-27 14:14:29 upgrade libsmartcols1:arm64 2.37.2-4ubuntu3 2.37.2-4ubuntu3.4
2024-06-27 14:14:29 status half-configured libsmartcols1:arm64 2.37.2-4ubuntu3
2024-06-27 14:14:29 status unpacked libsmartcols1:arm64 2.37.2-4ubuntu3
2024-06-27 14:14:29 status half-installed libsmartcols1:arm64 2.37.2-4ubuntu3
2024-06-27 14:14:29 status unpacked libsmartcols1:arm64 2.37.2-4ubuntu3.4
2024-06-27 14:14:29 startup packages configure
2024-06-27 14:14:29 configure libsmartcols1:arm64 2.37.2-4ubuntu3.4 <none>
2024-06-27 14:14:29 status unpacked libsmartcols1:arm64 2.37.2-4ubuntu3.4
2024-06-27 14:14:29 status half-configured libsmartcols1:arm64 2.37.2-4ubuntu3.4
2024-06-27 14:14:29 status installed libsmartcols1:arm64 2.37.2-4ubuntu3.4
2024-06-27 14:14:29 startup archives unpack
2024-06-27 14:14:29 upgrade libncursesw6:arm64 6.3-2 6.3-2ubuntu0.1
2024-06-27 14:14:29 status half-configured libncursesw6:arm64 6.3-2
2024-06-27 14:14:29 status unpacked libncursesw6:arm64 6.3-2
2024-06-27 14:14:29 status half-installed libncursesw6:arm64 6.3-2
2024-06-27 14:14:29 status unpacked libncursesw6:arm64 6.3-2ubuntu0.1
2024-06-27 14:14:29 upgrade libncurses6:arm64 6.3-2 6.3-2ubuntu0.1
2024-06-27 14:14:29 status half-configured libncurses6:arm64 6.3-2
2024-06-27 14:14:29 status unpacked libncurses6:arm64 6.3-2
2024-06-27 14:14:29 status half-installed libncurses6:arm64 6.3-2
2024-06-27 14:14:29 status unpacked libncurses6:arm64 6.3-2ubuntu0.1
2024-06-27 14:14:29 upgrade libtinfo6:arm64 6.3-2 6.3-2ubuntu0.1
2024-06-27 14:14:29 status half-configured libtinfo6:arm64 6.3-2
2024-06-27 14:14:29 status unpacked libtinfo6:arm64 6.3-2
2024-06-27 14:14:29 status half-installed libtinfo6:arm64 6.3-2
2024-06-27 14:14:29 status unpacked libtinfo6:arm64 6.3-2ubuntu0.1
2024-06-27 14:14:29 startup packages configure
2024-06-27 14:14:29 configure libtinfo6:arm64 6.3-2ubuntu0.1 <none>
2024-06-27 14:14:29 status unpacked libtinfo6:arm64 6.3-2ubuntu0.1
2024-06-27 14:14:29 status half-configured libtinfo6:arm64 6.3-2ubuntu0.1
2024-06-27 14:14:29 status installed libtinfo6:arm64 6.3-2ubuntu0.1
2024-06-27 14:14:29 startup archives unpack
2024-06-27 14:14:29 upgrade libtirpc-common:all 1.3.2-2build1 1.3.2-2ubuntu0.1
2024-06-27 14:14:29 status half-configured libtirpc-common:all 1.3.2-2build1
2024-06-27 14:14:29 status unpacked libtirpc-common:all 1.3.2-2build1
2024-06-27 14:14:29 status half-installed libtirpc-common:all 1.3.2-2build1
2024-06-27 14:14:29 status unpacked libtirpc-common:all 1.3.2-2ubuntu0.1
2024-06-27 14:14:29 startup packages configure
2024-06-27 14:14:29 configure libtirpc-common:all 1.3.2-2ubuntu0.1 <none>
2024-06-27 14:14:29 status unpacked libtirpc-common:all 1.3.2-2ubuntu0.1
2024-06-27 14:14:29 status half-configured libtirpc-common:all 1.3.2-2ubuntu0.1
2024-06-27 14:14:29 status installed libtirpc-common:all 1.3.2-2ubuntu0.1
2024-06-27 14:14:29 startup archives unpack
2024-06-27 14:14:29 upgrade libtirpc3:arm64 1.3.2-2build1 1.3.2-2ubuntu0.1
2024-06-27 14:14:29 status half-configured libtirpc3:arm64 1.3.2-2build1
2024-06-27 14:14:29 status unpacked libtirpc3:arm64 1.3.2-2build1
2024-06-27 14:14:29 status half-installed libtirpc3:arm64 1.3.2-2build1
2024-06-27 14:14:29 status unpacked libtirpc3:arm64 1.3.2-2ubuntu0.1
2024-06-27 14:14:30 startup packages configure
2024-06-27 14:14:30 configure libtirpc3:arm64 1.3.2-2ubuntu0.1 <none>
2024-06-27 14:14:30 status unpacked libtirpc3:arm64 1.3.2-2ubuntu0.1
2024-06-27 14:14:30 status half-configured libtirpc3:arm64 1.3.2-2ubuntu0.1
2024-06-27 14:14:30 status installed libtirpc3:arm64 1.3.2-2ubuntu0.1
2024-06-27 14:14:30 startup archives unpack
2024-06-27 14:14:30 upgrade libuuid1:arm64 2.37.2-4ubuntu3 2.37.2-4ubuntu3.4
2024-06-27 14:14:30 status half-configured libuuid1:arm64 2.37.2-4ubuntu3
2024-06-27 14:14:30 status unpacked libuuid1:arm64 2.37.2-4ubuntu3
2024-06-27 14:14:30 status half-installed libuuid1:arm64 2.37.2-4ubuntu3
2024-06-27 14:14:30 status unpacked libuuid1:arm64 2.37.2-4ubuntu3.4
2024-06-27 14:14:30 startup packages configure
2024-06-27 14:14:30 configure libuuid1:arm64 2.37.2-4ubuntu3.4 <none>
2024-06-27 14:14:30 status unpacked libuuid1:arm64 2.37.2-4ubuntu3.4
2024-06-27 14:14:30 status half-configured libuuid1:arm64 2.37.2-4ubuntu3.4
2024-06-27 14:14:30 status installed libuuid1:arm64 2.37.2-4ubuntu3.4
2024-06-27 14:14:30 startup archives unpack
2024-06-27 14:14:30 upgrade passwd:arm64 1:4.8.1-2ubuntu2 1:4.8.1-2ubuntu2.2
2024-06-27 14:14:30 status half-configured passwd:arm64 1:4.8.1-2ubuntu2
2024-06-27 14:14:30 status unpacked passwd:arm64 1:4.8.1-2ubuntu2
2024-06-27 14:14:30 status half-installed passwd:arm64 1:4.8.1-2ubuntu2
2024-06-27 14:14:30 status unpacked passwd:arm64 1:4.8.1-2ubuntu2.2
2024-06-27 14:14:30 startup packages configure
2024-06-27 14:14:30 configure passwd:arm64 1:4.8.1-2ubuntu2.2 <none>
2024-06-27 14:14:30 status unpacked passwd:arm64 1:4.8.1-2ubuntu2.2
2024-06-27 14:14:30 status half-configured passwd:arm64 1:4.8.1-2ubuntu2.2
2024-06-27 14:14:30 status installed passwd:arm64 1:4.8.1-2ubuntu2.2
2024-06-27 14:14:30 startup archives unpack
2024-06-27 14:14:30 upgrade libprocps8:arm64 2:3.3.17-6ubuntu2 2:3.3.17-6ubuntu2.1
2024-06-27 14:14:30 status half-configured libprocps8:arm64 2:3.3.17-6ubuntu2
2024-06-27 14:14:30 status unpacked libprocps8:arm64 2:3.3.17-6ubuntu2
2024-06-27 14:14:30 status half-installed libprocps8:arm64 2:3.3.17-6ubuntu2
2024-06-27 14:14:30 status unpacked libprocps8:arm64 2:3.3.17-6ubuntu2.1
2024-06-27 14:14:30 upgrade libss2:arm64 1.46.5-2ubuntu1 1.46.5-2ubuntu1.1
2024-06-27 14:14:30 status half-configured libss2:arm64 1.46.5-2ubuntu1
2024-06-27 14:14:30 status unpacked libss2:arm64 1.46.5-2ubuntu1
2024-06-27 14:14:30 status half-installed libss2:arm64 1.46.5-2ubuntu1
2024-06-27 14:14:30 status unpacked libss2:arm64 1.46.5-2ubuntu1.1
2024-06-27 14:14:30 upgrade procps:arm64 2:3.3.17-6ubuntu2 2:3.3.17-6ubuntu2.1
2024-06-27 14:14:30 status half-configured procps:arm64 2:3.3.17-6ubuntu2
2024-06-27 14:14:30 status unpacked procps:arm64 2:3.3.17-6ubuntu2
2024-06-27 14:14:30 status half-installed procps:arm64 2:3.3.17-6ubuntu2
2024-06-27 14:14:30 status unpacked procps:arm64 2:3.3.17-6ubuntu2.1
2024-06-27 14:14:30 startup packages configure
2024-06-27 14:14:30 configure libncurses6:arm64 6.3-2ubuntu0.1 <none>
2024-06-27 14:14:30 status unpacked libncurses6:arm64 6.3-2ubuntu0.1
2024-06-27 14:14:30 status half-configured libncurses6:arm64 6.3-2ubuntu0.1
2024-06-27 14:14:30 status installed libncurses6:arm64 6.3-2ubuntu0.1
2024-06-27 14:14:30 configure libss2:arm64 1.46.5-2ubuntu1.1 <none>
2024-06-27 14:14:30 status unpacked libss2:arm64 1.46.5-2ubuntu1.1
2024-06-27 14:14:30 status half-configured libss2:arm64 1.46.5-2ubuntu1.1
2024-06-27 14:14:30 status installed libss2:arm64 1.46.5-2ubuntu1.1
2024-06-27 14:14:30 configure libncursesw6:arm64 6.3-2ubuntu0.1 <none>
2024-06-27 14:14:30 status unpacked libncursesw6:arm64 6.3-2ubuntu0.1
2024-06-27 14:14:30 status half-configured libncursesw6:arm64 6.3-2ubuntu0.1
2024-06-27 14:14:30 status installed libncursesw6:arm64 6.3-2ubuntu0.1
2024-06-27 14:14:30 configure logsave:arm64 1.46.5-2ubuntu1.1 <none>
2024-06-27 14:14:30 status unpacked logsave:arm64 1.46.5-2ubuntu1.1
2024-06-27 14:14:30 status half-configured logsave:arm64 1.46.5-2ubuntu1.1
2024-06-27 14:14:30 status installed logsave:arm64 1.46.5-2ubuntu1.1
2024-06-27 14:14:30 configure mount:arm64 2.37.2-4ubuntu3.4 <none>
2024-06-27 14:14:30 status unpacked mount:arm64 2.37.2-4ubuntu3.4
2024-06-27 14:14:30 status half-configured mount:arm64 2.37.2-4ubuntu3.4
2024-06-27 14:14:30 status installed mount:arm64 2.37.2-4ubuntu3.4
2024-06-27 14:14:30 configure libprocps8:arm64 2:3.3.17-6ubuntu2.1 <none>
2024-06-27 14:14:30 status unpacked libprocps8:arm64 2:3.3.17-6ubuntu2.1
2024-06-27 14:14:30 status half-configured libprocps8:arm64 2:3.3.17-6ubuntu2.1
2024-06-27 14:14:30 status installed libprocps8:arm64 2:3.3.17-6ubuntu2.1
2024-06-27 14:14:30 configure e2fsprogs:arm64 1.46.5-2ubuntu1.1 <none>
2024-06-27 14:14:30 status unpacked e2fsprogs:arm64 1.46.5-2ubuntu1.1
2024-06-27 14:14:30 status half-configured e2fsprogs:arm64 1.46.5-2ubuntu1.1
2024-06-27 14:14:31 status installed e2fsprogs:arm64 1.46.5-2ubuntu1.1
2024-06-27 14:14:31 configure procps:arm64 2:3.3.17-6ubuntu2.1 <none>
2024-06-27 14:14:31 status unpacked procps:arm64 2:3.3.17-6ubuntu2.1
2024-06-27 14:14:31 status half-configured procps:arm64 2:3.3.17-6ubuntu2.1
2024-06-27 14:14:31 status installed procps:arm64 2:3.3.17-6ubuntu2.1
2024-06-27 14:14:31 trigproc libc-bin:arm64 2.35-0ubuntu3.8 <none>
2024-06-27 14:14:31 status half-configured libc-bin:arm64 2.35-0ubuntu3.8
2024-06-27 14:14:31 status installed libc-bin:arm64 2.35-0ubuntu3.8
2024-07-02 15:50:29 startup archives unpack
2024-07-02 15:50:30 install openssl:arm64 <none> 3.0.2-0ubuntu1.16
2024-07-02 15:50:30 status half-installed openssl:arm64 3.0.2-0ubuntu1.16
2024-07-02 15:50:30 status unpacked openssl:arm64 3.0.2-0ubuntu1.16
2024-07-02 15:50:30 install ca-certificates:all <none> 20230311ubuntu0.22.04.1
2024-07-02 15:50:30 status half-installed ca-certificates:all 20230311ubuntu0.22.04.1
2024-07-02 15:50:30 status unpacked ca-certificates:all 20230311ubuntu0.22.04.1
2024-07-02 15:50:30 install libnuma1:arm64 <none> 2.0.14-3ubuntu2
2024-07-02 15:50:30 status triggers-pending libc-bin:arm64 2.35-0ubuntu3.8
2024-07-02 15:50:30 status half-installed libnuma1:arm64 2.0.14-3ubuntu2
2024-07-02 15:50:30 status unpacked libnuma1:arm64 2.0.14-3ubuntu2
2024-07-02 15:50:30 install libonig5:arm64 <none> 6.9.7.1-2build1
2024-07-02 15:50:30 status half-installed libonig5:arm64 6.9.7.1-2build1
2024-07-02 15:50:30 status unpacked libonig5:arm64 6.9.7.1-2build1
2024-07-02 15:50:30 install libjq1:arm64 <none> 1.6-2.1ubuntu3
2024-07-02 15:50:30 status half-installed libjq1:arm64 1.6-2.1ubuntu3
2024-07-02 15:50:30 status unpacked libjq1:arm64 1.6-2.1ubuntu3
2024-07-02 15:50:30 install jq:arm64 <none> 1.6-2.1ubuntu3
2024-07-02 15:50:30 status half-installed jq:arm64 1.6-2.1ubuntu3
2024-07-02 15:50:30 status unpacked jq:arm64 1.6-2.1ubuntu3
2024-07-02 15:50:30 install numactl:arm64 <none> 2.0.14-3ubuntu2
2024-07-02 15:50:30 status half-installed numactl:arm64 2.0.14-3ubuntu2
2024-07-02 15:50:30 status unpacked numactl:arm64 2.0.14-3ubuntu2
2024-07-02 15:50:30 startup packages configure
2024-07-02 15:50:30 configure libnuma1:arm64 2.0.14-3ubuntu2 <none>
2024-07-02 15:50:30 status unpacked libnuma1:arm64 2.0.14-3ubuntu2
2024-07-02 15:50:30 status half-configured libnuma1:arm64 2.0.14-3ubuntu2
2024-07-02 15:50:30 status installed libnuma1:arm64 2.0.14-3ubuntu2
2024-07-02 15:50:30 configure openssl:arm64 3.0.2-0ubuntu1.16 <none>
2024-07-02 15:50:30 status unpacked openssl:arm64 3.0.2-0ubuntu1.16
2024-07-02 15:50:30 status half-configured openssl:arm64 3.0.2-0ubuntu1.16
2024-07-02 15:50:30 status installed openssl:arm64 3.0.2-0ubuntu1.16
2024-07-02 15:50:30 configure libonig5:arm64 6.9.7.1-2build1 <none>
2024-07-02 15:50:30 status unpacked libonig5:arm64 6.9.7.1-2build1
2024-07-02 15:50:30 status half-configured libonig5:arm64 6.9.7.1-2build1
2024-07-02 15:50:30 status installed libonig5:arm64 6.9.7.1-2build1
2024-07-02 15:50:30 configure numactl:arm64 2.0.14-3ubuntu2 <none>
2024-07-02 15:50:30 status unpacked numactl:arm64 2.0.14-3ubuntu2
2024-07-02 15:50:30 status half-configured numactl:arm64 2.0.14-3ubuntu2
2024-07-02 15:50:30 status installed numactl:arm64 2.0.14-3ubuntu2
2024-07-02 15:50:30 configure libjq1:arm64 1.6-2.1ubuntu3 <none>
2024-07-02 15:50:30 status unpacked libjq1:arm64 1.6-2.1ubuntu3
2024-07-02 15:50:30 status half-configured libjq1:arm64 1.6-2.1ubuntu3
2024-07-02 15:50:30 status installed libjq1:arm64 1.6-2.1ubuntu3
2024-07-02 15:50:30 configure ca-certificates:all 20230311ubuntu0.22.04.1 <none>
2024-07-02 15:50:30 status unpacked ca-certificates:all 20230311ubuntu0.22.04.1
2024-07-02 15:50:30 status half-configured ca-certificates:all 20230311ubuntu0.22.04.1
2024-07-02 15:50:31 status installed ca-certificates:all 20230311ubuntu0.22.04.1
2024-07-02 15:50:31 status triggers-pending ca-certificates:all 20230311ubuntu0.22.04.1
2024-07-02 15:50:31 configure jq:arm64 1.6-2.1ubuntu3 <none>
2024-07-02 15:50:31 status unpacked jq:arm64 1.6-2.1ubuntu3
2024-07-02 15:50:31 status half-configured jq:arm64 1.6-2.1ubuntu3
2024-07-02 15:50:31 status installed jq:arm64 1.6-2.1ubuntu3
2024-07-02 15:50:31 trigproc libc-bin:arm64 2.35-0ubuntu3.8 <none>
2024-07-02 15:50:31 status half-configured libc-bin:arm64 2.35-0ubuntu3.8
2024-07-02 15:50:31 status installed libc-bin:arm64 2.35-0ubuntu3.8
2024-07-02 15:50:31 trigproc ca-certificates:all 20230311ubuntu0.22.04.1 <none>
2024-07-02 15:50:31 status half-configured ca-certificates:all 20230311ubuntu0.22.04.1
2024-07-02 15:50:31 status installed ca-certificates:all 20230311ubuntu0.22.04.1
2024-07-02 15:52:00 startup archives unpack
2024-07-02 15:52:00 install readline-common:all <none> 8.1.2-1
2024-07-02 15:52:00 status half-installed readline-common:all 8.1.2-1
2024-07-02 15:52:00 status unpacked readline-common:all 8.1.2-1
2024-07-02 15:52:00 install libreadline8:arm64 <none> 8.1.2-1
2024-07-02 15:52:00 status triggers-pending libc-bin:arm64 2.35-0ubuntu3.8
2024-07-02 15:52:00 status half-installed libreadline8:arm64 8.1.2-1
2024-07-02 15:52:00 status unpacked libreadline8:arm64 8.1.2-1
2024-07-02 15:52:00 install libsqlite3-0:arm64 <none> 3.37.2-2ubuntu0.3
2024-07-02 15:52:00 status half-installed libsqlite3-0:arm64 3.37.2-2ubuntu0.3
2024-07-02 15:52:00 status unpacked libsqlite3-0:arm64 3.37.2-2ubuntu0.3
2024-07-02 15:52:00 install libpsl5:arm64 <none> 0.21.0-1.2build2
2024-07-02 15:52:00 status half-installed libpsl5:arm64 0.21.0-1.2build2
2024-07-02 15:52:00 status unpacked libpsl5:arm64 0.21.0-1.2build2
2024-07-02 15:52:00 install wget:arm64 <none> 1.21.2-2ubuntu1.1
2024-07-02 15:52:00 status half-installed wget:arm64 1.21.2-2ubuntu1.1
2024-07-02 15:52:00 status unpacked wget:arm64 1.21.2-2ubuntu1.1
2024-07-02 15:52:00 install libassuan0:arm64 <none> 2.5.5-1build1
2024-07-02 15:52:00 status half-installed libassuan0:arm64 2.5.5-1build1
2024-07-02 15:52:00 status unpacked libassuan0:arm64 2.5.5-1build1
2024-07-02 15:52:00 install gpgconf:arm64 <none> 2.2.27-3ubuntu2.1
2024-07-02 15:52:00 status half-installed gpgconf:arm64 2.2.27-3ubuntu2.1
2024-07-02 15:52:01 status unpacked gpgconf:arm64 2.2.27-3ubuntu2.1
2024-07-02 15:52:01 install libksba8:arm64 <none> 1.6.0-2ubuntu0.2
2024-07-02 15:52:01 status half-installed libksba8:arm64 1.6.0-2ubuntu0.2
2024-07-02 15:52:01 status unpacked libksba8:arm64 1.6.0-2ubuntu0.2
2024-07-02 15:52:01 install libsasl2-modules-db:arm64 <none> 2.1.27+dfsg2-3ubuntu1.2
2024-07-02 15:52:01 status half-installed libsasl2-modules-db:arm64 2.1.27+dfsg2-3ubuntu1.2
2024-07-02 15:52:01 status unpacked libsasl2-modules-db:arm64 2.1.27+dfsg2-3ubuntu1.2
2024-07-02 15:52:01 install libsasl2-2:arm64 <none> 2.1.27+dfsg2-3ubuntu1.2
2024-07-02 15:52:01 status half-installed libsasl2-2:arm64 2.1.27+dfsg2-3ubuntu1.2
2024-07-02 15:52:01 status unpacked libsasl2-2:arm64 2.1.27+dfsg2-3ubuntu1.2
2024-07-02 15:52:01 install libldap-2.5-0:arm64 <none> 2.5.17+dfsg-0ubuntu0.22.04.1
2024-07-02 15:52:01 status half-installed libldap-2.5-0:arm64 2.5.17+dfsg-0ubuntu0.22.04.1
2024-07-02 15:52:01 status unpacked libldap-2.5-0:arm64 2.5.17+dfsg-0ubuntu0.22.04.1
2024-07-02 15:52:01 install libnpth0:arm64 <none> 1.6-3build2
2024-07-02 15:52:01 status half-installed libnpth0:arm64 1.6-3build2
2024-07-02 15:52:01 status unpacked libnpth0:arm64 1.6-3build2
2024-07-02 15:52:01 install dirmngr:arm64 <none> 2.2.27-3ubuntu2.1
2024-07-02 15:52:01 status half-installed dirmngr:arm64 2.2.27-3ubuntu2.1
2024-07-02 15:52:01 status unpacked dirmngr:arm64 2.2.27-3ubuntu2.1
2024-07-02 15:52:01 install gnupg-l10n:all <none> 2.2.27-3ubuntu2.1
2024-07-02 15:52:01 status half-installed gnupg-l10n:all 2.2.27-3ubuntu2.1
2024-07-02 15:52:01 status unpacked gnupg-l10n:all 2.2.27-3ubuntu2.1
2024-07-02 15:52:01 install gnupg-utils:arm64 <none> 2.2.27-3ubuntu2.1
2024-07-02 15:52:01 status half-installed gnupg-utils:arm64 2.2.27-3ubuntu2.1
2024-07-02 15:52:01 status unpacked gnupg-utils:arm64 2.2.27-3ubuntu2.1
2024-07-02 15:52:01 install gpg:arm64 <none> 2.2.27-3ubuntu2.1
2024-07-02 15:52:01 status half-installed gpg:arm64 2.2.27-3ubuntu2.1
2024-07-02 15:52:01 status unpacked gpg:arm64 2.2.27-3ubuntu2.1
2024-07-02 15:52:01 install pinentry-curses:arm64 <none> 1.1.1-1build2
2024-07-02 15:52:01 status half-installed pinentry-curses:arm64 1.1.1-1build2
2024-07-02 15:52:01 status unpacked pinentry-curses:arm64 1.1.1-1build2
2024-07-02 15:52:01 install gpg-agent:arm64 <none> 2.2.27-3ubuntu2.1
2024-07-02 15:52:01 status half-installed gpg-agent:arm64 2.2.27-3ubuntu2.1
2024-07-02 15:52:01 status unpacked gpg-agent:arm64 2.2.27-3ubuntu2.1
2024-07-02 15:52:01 install gpg-wks-client:arm64 <none> 2.2.27-3ubuntu2.1
2024-07-02 15:52:01 status half-installed gpg-wks-client:arm64 2.2.27-3ubuntu2.1
2024-07-02 15:52:01 status unpacked gpg-wks-client:arm64 2.2.27-3ubuntu2.1
2024-07-02 15:52:01 install gpg-wks-server:arm64 <none> 2.2.27-3ubuntu2.1
2024-07-02 15:52:01 status half-installed gpg-wks-server:arm64 2.2.27-3ubuntu2.1
2024-07-02 15:52:01 status unpacked gpg-wks-server:arm64 2.2.27-3ubuntu2.1
2024-07-02 15:52:01 install gpgsm:arm64 <none> 2.2.27-3ubuntu2.1
2024-07-02 15:52:01 status half-installed gpgsm:arm64 2.2.27-3ubuntu2.1
2024-07-02 15:52:01 status unpacked gpgsm:arm64 2.2.27-3ubuntu2.1
2024-07-02 15:52:01 install gnupg:all <none> 2.2.27-3ubuntu2.1
2024-07-02 15:52:01 status half-installed gnupg:all 2.2.27-3ubuntu2.1
2024-07-02 15:52:01 status unpacked gnupg:all 2.2.27-3ubuntu2.1
2024-07-02 15:52:01 startup packages configure
2024-07-02 15:52:01 configure libksba8:arm64 1.6.0-2ubuntu0.2 <none>
2024-07-02 15:52:01 status unpacked libksba8:arm64 1.6.0-2ubuntu0.2
2024-07-02 15:52:01 status half-configured libksba8:arm64 1.6.0-2ubuntu0.2
2024-07-02 15:52:01 status installed libksba8:arm64 1.6.0-2ubuntu0.2
2024-07-02 15:52:01 configure libpsl5:arm64 0.21.0-1.2build2 <none>
2024-07-02 15:52:01 status unpacked libpsl5:arm64 0.21.0-1.2build2
2024-07-02 15:52:01 status half-configured libpsl5:arm64 0.21.0-1.2build2
2024-07-02 15:52:01 status installed libpsl5:arm64 0.21.0-1.2build2
2024-07-02 15:52:01 configure wget:arm64 1.21.2-2ubuntu1.1 <none>
2024-07-02 15:52:01 status unpacked wget:arm64 1.21.2-2ubuntu1.1
2024-07-02 15:52:01 status half-configured wget:arm64 1.21.2-2ubuntu1.1
2024-07-02 15:52:01 status installed wget:arm64 1.21.2-2ubuntu1.1
2024-07-02 15:52:01 configure libsqlite3-0:arm64 3.37.2-2ubuntu0.3 <none>
2024-07-02 15:52:01 status unpacked libsqlite3-0:arm64 3.37.2-2ubuntu0.3
2024-07-02 15:52:01 status half-configured libsqlite3-0:arm64 3.37.2-2ubuntu0.3
2024-07-02 15:52:01 status installed libsqlite3-0:arm64 3.37.2-2ubuntu0.3
2024-07-02 15:52:01 configure libnpth0:arm64 1.6-3build2 <none>
2024-07-02 15:52:01 status unpacked libnpth0:arm64 1.6-3build2
2024-07-02 15:52:01 status half-configured libnpth0:arm64 1.6-3build2
2024-07-02 15:52:01 status installed libnpth0:arm64 1.6-3build2
2024-07-02 15:52:01 configure libassuan0:arm64 2.5.5-1build1 <none>
2024-07-02 15:52:01 status unpacked libassuan0:arm64 2.5.5-1build1
2024-07-02 15:52:01 status half-configured libassuan0:arm64 2.5.5-1build1
2024-07-02 15:52:01 status installed libassuan0:arm64 2.5.5-1build1
2024-07-02 15:52:01 configure libsasl2-modules-db:arm64 2.1.27+dfsg2-3ubuntu1.2 <none>
2024-07-02 15:52:01 status unpacked libsasl2-modules-db:arm64 2.1.27+dfsg2-3ubuntu1.2
2024-07-02 15:52:01 status half-configured libsasl2-modules-db:arm64 2.1.27+dfsg2-3ubuntu1.2
2024-07-02 15:52:01 status installed libsasl2-modules-db:arm64 2.1.27+dfsg2-3ubuntu1.2
2024-07-02 15:52:01 configure gnupg-l10n:all 2.2.27-3ubuntu2.1 <none>
2024-07-02 15:52:01 status unpacked gnupg-l10n:all 2.2.27-3ubuntu2.1
2024-07-02 15:52:01 status half-configured gnupg-l10n:all 2.2.27-3ubuntu2.1
2024-07-02 15:52:01 status installed gnupg-l10n:all 2.2.27-3ubuntu2.1
2024-07-02 15:52:01 configure libsasl2-2:arm64 2.1.27+dfsg2-3ubuntu1.2 <none>
2024-07-02 15:52:01 status unpacked libsasl2-2:arm64 2.1.27+dfsg2-3ubuntu1.2
2024-07-02 15:52:01 status half-configured libsasl2-2:arm64 2.1.27+dfsg2-3ubuntu1.2
2024-07-02 15:52:01 status installed libsasl2-2:arm64 2.1.27+dfsg2-3ubuntu1.2
2024-07-02 15:52:01 configure readline-common:all 8.1.2-1 <none>
2024-07-02 15:52:01 status unpacked readline-common:all 8.1.2-1
2024-07-02 15:52:01 status half-configured readline-common:all 8.1.2-1
2024-07-02 15:52:01 status installed readline-common:all 8.1.2-1
2024-07-02 15:52:01 configure pinentry-curses:arm64 1.1.1-1build2 <none>
2024-07-02 15:52:01 status unpacked pinentry-curses:arm64 1.1.1-1build2
2024-07-02 15:52:01 status half-configured pinentry-curses:arm64 1.1.1-1build2
2024-07-02 15:52:01 status installed pinentry-curses:arm64 1.1.1-1build2
2024-07-02 15:52:01 configure libreadline8:arm64 8.1.2-1 <none>
2024-07-02 15:52:01 status unpacked libreadline8:arm64 8.1.2-1
2024-07-02 15:52:01 status half-configured libreadline8:arm64 8.1.2-1
2024-07-02 15:52:01 status installed libreadline8:arm64 8.1.2-1
2024-07-02 15:52:01 configure libldap-2.5-0:arm64 2.5.17+dfsg-0ubuntu0.22.04.1 <none>
2024-07-02 15:52:01 status unpacked libldap-2.5-0:arm64 2.5.17+dfsg-0ubuntu0.22.04.1
2024-07-02 15:52:01 status half-configured libldap-2.5-0:arm64 2.5.17+dfsg-0ubuntu0.22.04.1
2024-07-02 15:52:01 status installed libldap-2.5-0:arm64 2.5.17+dfsg-0ubuntu0.22.04.1
2024-07-02 15:52:01 configure gpgconf:arm64 2.2.27-3ubuntu2.1 <none>
2024-07-02 15:52:01 status unpacked gpgconf:arm64 2.2.27-3ubuntu2.1
2024-07-02 15:52:01 status half-configured gpgconf:arm64 2.2.27-3ubuntu2.1
2024-07-02 15:52:01 status installed gpgconf:arm64 2.2.27-3ubuntu2.1
2024-07-02 15:52:01 configure gpg:arm64 2.2.27-3ubuntu2.1 <none>
2024-07-02 15:52:01 status unpacked gpg:arm64 2.2.27-3ubuntu2.1
2024-07-02 15:52:01 status half-configured gpg:arm64 2.2.27-3ubuntu2.1
2024-07-02 15:52:01 status installed gpg:arm64 2.2.27-3ubuntu2.1
2024-07-02 15:52:01 configure gnupg-utils:arm64 2.2.27-3ubuntu2.1 <none>
2024-07-02 15:52:01 status unpacked gnupg-utils:arm64 2.2.27-3ubuntu2.1
2024-07-02 15:52:01 status half-configured gnupg-utils:arm64 2.2.27-3ubuntu2.1
2024-07-02 15:52:01 status installed gnupg-utils:arm64 2.2.27-3ubuntu2.1
2024-07-02 15:52:01 configure gpg-agent:arm64 2.2.27-3ubuntu2.1 <none>
2024-07-02 15:52:01 status unpacked gpg-agent:arm64 2.2.27-3ubuntu2.1
2024-07-02 15:52:01 status half-configured gpg-agent:arm64 2.2.27-3ubuntu2.1
2024-07-02 15:52:02 status installed gpg-agent:arm64 2.2.27-3ubuntu2.1
2024-07-02 15:52:02 configure gpgsm:arm64 2.2.27-3ubuntu2.1 <none>
2024-07-02 15:52:02 status unpacked gpgsm:arm64 2.2.27-3ubuntu2.1
2024-07-02 15:52:02 status half-configured gpgsm:arm64 2.2.27-3ubuntu2.1
2024-07-02 15:52:02 status installed gpgsm:arm64 2.2.27-3ubuntu2.1
2024-07-02 15:52:02 configure dirmngr:arm64 2.2.27-3ubuntu2.1 <none>
2024-07-02 15:52:02 status unpacked dirmngr:arm64 2.2.27-3ubuntu2.1
2024-07-02 15:52:02 status half-configured dirmngr:arm64 2.2.27-3ubuntu2.1
2024-07-02 15:52:02 status installed dirmngr:arm64 2.2.27-3ubuntu2.1
2024-07-02 15:52:02 configure gpg-wks-server:arm64 2.2.27-3ubuntu2.1 <none>
2024-07-02 15:52:02 status unpacked gpg-wks-server:arm64 2.2.27-3ubuntu2.1
2024-07-02 15:52:02 status half-configured gpg-wks-server:arm64 2.2.27-3ubuntu2.1
2024-07-02 15:52:02 status installed gpg-wks-server:arm64 2.2.27-3ubuntu2.1
2024-07-02 15:52:02 configure gpg-wks-client:arm64 2.2.27-3ubuntu2.1 <none>
2024-07-02 15:52:02 status unpacked gpg-wks-client:arm64 2.2.27-3ubuntu2.1
2024-07-02 15:52:02 status half-configured gpg-wks-client:arm64 2.2.27-3ubuntu2.1
2024-07-02 15:52:02 status installed gpg-wks-client:arm64 2.2.27-3ubuntu2.1
2024-07-02 15:52:02 configure gnupg:all 2.2.27-3ubuntu2.1 <none>
2024-07-02 15:52:02 status unpacked gnupg:all 2.2.27-3ubuntu2.1
2024-07-02 15:52:02 status half-configured gnupg:all 2.2.27-3ubuntu2.1
2024-07-02 15:52:02 status installed gnupg:all 2.2.27-3ubuntu2.1
2024-07-02 15:52:02 trigproc libc-bin:arm64 2.35-0ubuntu3.8 <none>
2024-07-02 15:52:02 status half-configured libc-bin:arm64 2.35-0ubuntu3.8
2024-07-02 15:52:02 status installed libc-bin:arm64 2.35-0ubuntu3.8
2024-07-02 15:52:05 startup packages remove
2024-07-02 15:52:05 status installed gnupg:all 2.2.27-3ubuntu2.1
2024-07-02 15:52:05 remove gnupg:all 2.2.27-3ubuntu2.1 <none>
2024-07-02 15:52:05 status half-configured gnupg:all 2.2.27-3ubuntu2.1
2024-07-02 15:52:05 status half-installed gnupg:all 2.2.27-3ubuntu2.1
2024-07-02 15:52:05 status config-files gnupg:all 2.2.27-3ubuntu2.1
2024-07-02 15:52:05 status not-installed gnupg:all <none>
2024-07-02 15:52:05 status installed gpg-wks-client:arm64 2.2.27-3ubuntu2.1
2024-07-02 15:52:05 remove gpg-wks-client:arm64 2.2.27-3ubuntu2.1 <none>
2024-07-02 15:52:05 status half-configured gpg-wks-client:arm64 2.2.27-3ubuntu2.1
2024-07-02 15:52:05 status half-installed gpg-wks-client:arm64 2.2.27-3ubuntu2.1
2024-07-02 15:52:05 status config-files gpg-wks-client:arm64 2.2.27-3ubuntu2.1
2024-07-02 15:52:05 status not-installed gpg-wks-client:arm64 <none>
2024-07-02 15:52:05 status installed dirmngr:arm64 2.2.27-3ubuntu2.1
2024-07-02 15:52:05 remove dirmngr:arm64 2.2.27-3ubuntu2.1 <none>
2024-07-02 15:52:05 status half-configured dirmngr:arm64 2.2.27-3ubuntu2.1
2024-07-02 15:52:05 status half-installed dirmngr:arm64 2.2.27-3ubuntu2.1
2024-07-02 15:52:05 status config-files dirmngr:arm64 2.2.27-3ubuntu2.1
2024-07-02 15:52:05 status installed gnupg-l10n:all 2.2.27-3ubuntu2.1
2024-07-02 15:52:05 remove gnupg-l10n:all 2.2.27-3ubuntu2.1 <none>
2024-07-02 15:52:05 status half-configured gnupg-l10n:all 2.2.27-3ubuntu2.1
2024-07-02 15:52:05 status half-installed gnupg-l10n:all 2.2.27-3ubuntu2.1
2024-07-02 15:52:05 status config-files gnupg-l10n:all 2.2.27-3ubuntu2.1
2024-07-02 15:52:05 status not-installed gnupg-l10n:all <none>
2024-07-02 15:52:05 status installed gnupg-utils:arm64 2.2.27-3ubuntu2.1
2024-07-02 15:52:05 remove gnupg-utils:arm64 2.2.27-3ubuntu2.1 <none>
2024-07-02 15:52:05 status half-configured gnupg-utils:arm64 2.2.27-3ubuntu2.1
2024-07-02 15:52:05 status half-installed gnupg-utils:arm64 2.2.27-3ubuntu2.1
2024-07-02 15:52:05 status config-files gnupg-utils:arm64 2.2.27-3ubuntu2.1
2024-07-02 15:52:05 status not-installed gnupg-utils:arm64 <none>
2024-07-02 15:52:05 status installed gpg-wks-server:arm64 2.2.27-3ubuntu2.1
2024-07-02 15:52:05 remove gpg-wks-server:arm64 2.2.27-3ubuntu2.1 <none>
2024-07-02 15:52:05 status half-configured gpg-wks-server:arm64 2.2.27-3ubuntu2.1
2024-07-02 15:52:05 status half-installed gpg-wks-server:arm64 2.2.27-3ubuntu2.1
2024-07-02 15:52:05 status config-files gpg-wks-server:arm64 2.2.27-3ubuntu2.1
2024-07-02 15:52:05 status not-installed gpg-wks-server:arm64 <none>
2024-07-02 15:52:05 status installed gpg:arm64 2.2.27-3ubuntu2.1
2024-07-02 15:52:05 remove gpg:arm64 2.2.27-3ubuntu2.1 <none>
2024-07-02 15:52:05 status half-configured gpg:arm64 2.2.27-3ubuntu2.1
2024-07-02 15:52:05 status half-installed gpg:arm64 2.2.27-3ubuntu2.1
2024-07-02 15:52:05 status config-files gpg:arm64 2.2.27-3ubuntu2.1
2024-07-02 15:52:05 status not-installed gpg:arm64 <none>
2024-07-02 15:52:05 status installed gpg-agent:arm64 2.2.27-3ubuntu2.1
2024-07-02 15:52:05 remove gpg-agent:arm64 2.2.27-3ubuntu2.1 <none>
2024-07-02 15:52:05 status half-configured gpg-agent:arm64 2.2.27-3ubuntu2.1
2024-07-02 15:52:05 status half-installed gpg-agent:arm64 2.2.27-3ubuntu2.1
2024-07-02 15:52:05 status config-files gpg-agent:arm64 2.2.27-3ubuntu2.1
2024-07-02 15:52:05 status installed gpgsm:arm64 2.2.27-3ubuntu2.1
2024-07-02 15:52:05 remove gpgsm:arm64 2.2.27-3ubuntu2.1 <none>
2024-07-02 15:52:05 status half-configured gpgsm:arm64 2.2.27-3ubuntu2.1
2024-07-02 15:52:05 status half-installed gpgsm:arm64 2.2.27-3ubuntu2.1
2024-07-02 15:52:05 status config-files gpgsm:arm64 2.2.27-3ubuntu2.1
2024-07-02 15:52:05 status not-installed gpgsm:arm64 <none>
2024-07-02 15:52:05 status installed gpgconf:arm64 2.2.27-3ubuntu2.1
2024-07-02 15:52:05 remove gpgconf:arm64 2.2.27-3ubuntu2.1 <none>
2024-07-02 15:52:05 status half-configured gpgconf:arm64 2.2.27-3ubuntu2.1
2024-07-02 15:52:05 status half-installed gpgconf:arm64 2.2.27-3ubuntu2.1
2024-07-02 15:52:05 status config-files gpgconf:arm64 2.2.27-3ubuntu2.1
2024-07-02 15:52:05 status not-installed gpgconf:arm64 <none>
2024-07-02 15:52:05 status installed pinentry-curses:arm64 1.1.1-1build2
2024-07-02 15:52:05 remove pinentry-curses:arm64 1.1.1-1build2 <none>
2024-07-02 15:52:05 status half-configured pinentry-curses:arm64 1.1.1-1build2
2024-07-02 15:52:05 status half-installed pinentry-curses:arm64 1.1.1-1build2
2024-07-02 15:52:05 status config-files pinentry-curses:arm64 1.1.1-1build2
2024-07-02 15:52:05 status not-installed pinentry-curses:arm64 <none>
2024-07-02 15:52:05 status installed libassuan0:arm64 2.5.5-1build1
2024-07-02 15:52:05 remove libassuan0:arm64 2.5.5-1build1 <none>
2024-07-02 15:52:05 status triggers-pending libc-bin:arm64 2.35-0ubuntu3.8
2024-07-02 15:52:05 status half-configured libassuan0:arm64 2.5.5-1build1
2024-07-02 15:52:05 status half-installed libassuan0:arm64 2.5.5-1build1
2024-07-02 15:52:05 status config-files libassuan0:arm64 2.5.5-1build1
2024-07-02 15:52:05 status not-installed libassuan0:arm64 <none>
2024-07-02 15:52:05 status installed libksba8:arm64 1.6.0-2ubuntu0.2
2024-07-02 15:52:05 remove libksba8:arm64 1.6.0-2ubuntu0.2 <none>
2024-07-02 15:52:05 status half-configured libksba8:arm64 1.6.0-2ubuntu0.2
2024-07-02 15:52:05 status half-installed libksba8:arm64 1.6.0-2ubuntu0.2
2024-07-02 15:52:05 status config-files libksba8:arm64 1.6.0-2ubuntu0.2
2024-07-02 15:52:05 status not-installed libksba8:arm64 <none>
2024-07-02 15:52:05 status installed libldap-2.5-0:arm64 2.5.17+dfsg-0ubuntu0.22.04.1
2024-07-02 15:52:05 remove libldap-2.5-0:arm64 2.5.17+dfsg-0ubuntu0.22.04.1 <none>
2024-07-02 15:52:05 status half-configured libldap-2.5-0:arm64 2.5.17+dfsg-0ubuntu0.22.04.1
2024-07-02 15:52:05 status half-installed libldap-2.5-0:arm64 2.5.17+dfsg-0ubuntu0.22.04.1
2024-07-02 15:52:05 status config-files libldap-2.5-0:arm64 2.5.17+dfsg-0ubuntu0.22.04.1
2024-07-02 15:52:05 status not-installed libldap-2.5-0:arm64 <none>
2024-07-02 15:52:05 status installed libnpth0:arm64 1.6-3build2
2024-07-02 15:52:05 remove libnpth0:arm64 1.6-3build2 <none>
2024-07-02 15:52:05 status half-configured libnpth0:arm64 1.6-3build2
2024-07-02 15:52:05 status half-installed libnpth0:arm64 1.6-3build2
2024-07-02 15:52:05 status config-files libnpth0:arm64 1.6-3build2
2024-07-02 15:52:05 status not-installed libnpth0:arm64 <none>
2024-07-02 15:52:05 status installed wget:arm64 1.21.2-2ubuntu1.1
2024-07-02 15:52:05 remove wget:arm64 1.21.2-2ubuntu1.1 <none>
2024-07-02 15:52:05 status half-configured wget:arm64 1.21.2-2ubuntu1.1
2024-07-02 15:52:05 status half-installed wget:arm64 1.21.2-2ubuntu1.1
2024-07-02 15:52:05 status config-files wget:arm64 1.21.2-2ubuntu1.1
2024-07-02 15:52:05 status installed libpsl5:arm64 0.21.0-1.2build2
2024-07-02 15:52:05 remove libpsl5:arm64 0.21.0-1.2build2 <none>
2024-07-02 15:52:05 status half-configured libpsl5:arm64 0.21.0-1.2build2
2024-07-02 15:52:05 status half-installed libpsl5:arm64 0.21.0-1.2build2
2024-07-02 15:52:05 status config-files libpsl5:arm64 0.21.0-1.2build2
2024-07-02 15:52:05 status not-installed libpsl5:arm64 <none>
2024-07-02 15:52:05 status installed libreadline8:arm64 8.1.2-1
2024-07-02 15:52:05 remove libreadline8:arm64 8.1.2-1 <none>
2024-07-02 15:52:05 status half-configured libreadline8:arm64 8.1.2-1
2024-07-02 15:52:05 status half-installed libreadline8:arm64 8.1.2-1
2024-07-02 15:52:05 status config-files libreadline8:arm64 8.1.2-1
2024-07-02 15:52:05 status not-installed libreadline8:arm64 <none>
2024-07-02 15:52:05 status installed libsasl2-2:arm64 2.1.27+dfsg2-3ubuntu1.2
2024-07-02 15:52:05 remove libsasl2-2:arm64 2.1.27+dfsg2-3ubuntu1.2 <none>
2024-07-02 15:52:05 status half-configured libsasl2-2:arm64 2.1.27+dfsg2-3ubuntu1.2
2024-07-02 15:52:05 status half-installed libsasl2-2:arm64 2.1.27+dfsg2-3ubuntu1.2
2024-07-02 15:52:05 status config-files libsasl2-2:arm64 2.1.27+dfsg2-3ubuntu1.2
2024-07-02 15:52:05 status not-installed libsasl2-2:arm64 <none>
2024-07-02 15:52:05 status installed libsasl2-modules-db:arm64 2.1.27+dfsg2-3ubuntu1.2
2024-07-02 15:52:05 remove libsasl2-modules-db:arm64 2.1.27+dfsg2-3ubuntu1.2 <none>
2024-07-02 15:52:05 status half-configured libsasl2-modules-db:arm64 2.1.27+dfsg2-3ubuntu1.2
2024-07-02 15:52:05 status half-installed libsasl2-modules-db:arm64 2.1.27+dfsg2-3ubuntu1.2
2024-07-02 15:52:05 status config-files libsasl2-modules-db:arm64 2.1.27+dfsg2-3ubuntu1.2
2024-07-02 15:52:05 status not-installed libsasl2-modules-db:arm64 <none>
2024-07-02 15:52:05 status installed libsqlite3-0:arm64 3.37.2-2ubuntu0.3
2024-07-02 15:52:05 remove libsqlite3-0:arm64 3.37.2-2ubuntu0.3 <none>
2024-07-02 15:52:05 status half-configured libsqlite3-0:arm64 3.37.2-2ubuntu0.3
2024-07-02 15:52:05 status half-installed libsqlite3-0:arm64 3.37.2-2ubuntu0.3
2024-07-02 15:52:05 status config-files libsqlite3-0:arm64 3.37.2-2ubuntu0.3
2024-07-02 15:52:05 status not-installed libsqlite3-0:arm64 <none>
2024-07-02 15:52:05 status installed readline-common:all 8.1.2-1
2024-07-02 15:52:05 remove readline-common:all 8.1.2-1 <none>
2024-07-02 15:52:05 status half-configured readline-common:all 8.1.2-1
2024-07-02 15:52:05 status half-installed readline-common:all 8.1.2-1
2024-07-02 15:52:05 status config-files readline-common:all 8.1.2-1
2024-07-02 15:52:05 startup packages configure
2024-07-02 15:52:05 trigproc libc-bin:arm64 2.35-0ubuntu3.8 <none>
2024-07-02 15:52:05 status half-configured libc-bin:arm64 2.35-0ubuntu3.8
2024-07-02 15:52:05 status installed libc-bin:arm64 2.35-0ubuntu3.8
2024-07-02 15:52:05 startup packages purge
2024-07-02 15:52:05 purge gpg-agent:arm64 2.2.27-3ubuntu2.1 <none>
2024-07-02 15:52:05 status config-files gpg-agent:arm64 2.2.27-3ubuntu2.1
2024-07-02 15:52:05 status not-installed gpg-agent:arm64 <none>
2024-07-02 15:52:05 purge wget:arm64 1.21.2-2ubuntu1.1 <none>
2024-07-02 15:52:05 status config-files wget:arm64 1.21.2-2ubuntu1.1
2024-07-02 15:52:05 status not-installed wget:arm64 <none>
2024-07-02 15:52:05 purge dirmngr:arm64 2.2.27-3ubuntu2.1 <none>
2024-07-02 15:52:05 status config-files dirmngr:arm64 2.2.27-3ubuntu2.1
2024-07-02 15:52:06 status not-installed dirmngr:arm64 <none>
2024-07-02 15:52:06 purge readline-common:all 8.1.2-1 <none>
2024-07-02 15:52:06 status config-files readline-common:all 8.1.2-1
2024-07-02 15:52:06 status not-installed readline-common:all <none>
2024-07-02 15:52:06 startup packages configure
2024-07-02 15:52:12 startup archives unpack
2024-07-02 15:52:12 install tzdata:all <none> 2024a-0ubuntu0.22.04
2024-07-02 15:52:12 status half-installed tzdata:all 2024a-0ubuntu0.22.04
2024-07-02 15:52:12 status unpacked tzdata:all 2024a-0ubuntu0.22.04
2024-07-02 15:52:12 install libnghttp2-14:arm64 <none> 1.43.0-1ubuntu0.2
2024-07-02 15:52:12 status triggers-pending libc-bin:arm64 2.35-0ubuntu3.8
2024-07-02 15:52:12 status half-installed libnghttp2-14:arm64 1.43.0-1ubuntu0.2
2024-07-02 15:52:12 status unpacked libnghttp2-14:arm64 1.43.0-1ubuntu0.2
2024-07-02 15:52:12 install libpsl5:arm64 <none> 0.21.0-1.2build2
2024-07-02 15:52:12 status half-installed libpsl5:arm64 0.21.0-1.2build2
2024-07-02 15:52:12 status unpacked libpsl5:arm64 0.21.0-1.2build2
2024-07-02 15:52:12 install publicsuffix:all <none> 20211207.1025-1
2024-07-02 15:52:12 status half-installed publicsuffix:all 20211207.1025-1
2024-07-02 15:52:12 status unpacked publicsuffix:all 20211207.1025-1
2024-07-02 15:52:12 install libbrotli1:arm64 <none> 1.0.9-2build6
2024-07-02 15:52:12 status half-installed libbrotli1:arm64 1.0.9-2build6
2024-07-02 15:52:12 status unpacked libbrotli1:arm64 1.0.9-2build6
2024-07-02 15:52:12 install libsasl2-modules-db:arm64 <none> 2.1.27+dfsg2-3ubuntu1.2
2024-07-02 15:52:12 status half-installed libsasl2-modules-db:arm64 2.1.27+dfsg2-3ubuntu1.2
2024-07-02 15:52:12 status unpacked libsasl2-modules-db:arm64 2.1.27+dfsg2-3ubuntu1.2
2024-07-02 15:52:12 install libsasl2-2:arm64 <none> 2.1.27+dfsg2-3ubuntu1.2
2024-07-02 15:52:12 status half-installed libsasl2-2:arm64 2.1.27+dfsg2-3ubuntu1.2
2024-07-02 15:52:12 status unpacked libsasl2-2:arm64 2.1.27+dfsg2-3ubuntu1.2
2024-07-02 15:52:12 install libldap-2.5-0:arm64 <none> 2.5.17+dfsg-0ubuntu0.22.04.1
2024-07-02 15:52:12 status half-installed libldap-2.5-0:arm64 2.5.17+dfsg-0ubuntu0.22.04.1
2024-07-02 15:52:12 status unpacked libldap-2.5-0:arm64 2.5.17+dfsg-0ubuntu0.22.04.1
2024-07-02 15:52:12 install librtmp1:arm64 <none> 2.4+20151223.gitfa8646d.1-2build4
2024-07-02 15:52:12 status half-installed librtmp1:arm64 2.4+20151223.gitfa8646d.1-2build4
2024-07-02 15:52:12 status unpacked librtmp1:arm64 2.4+20151223.gitfa8646d.1-2build4
2024-07-02 15:52:12 install libssh-4:arm64 <none> 0.9.6-2ubuntu0.22.04.3
2024-07-02 15:52:12 status half-installed libssh-4:arm64 0.9.6-2ubuntu0.22.04.3
2024-07-02 15:52:12 status unpacked libssh-4:arm64 0.9.6-2ubuntu0.22.04.3
2024-07-02 15:52:12 install libcurl4:arm64 <none> 7.81.0-1ubuntu1.16
2024-07-02 15:52:12 status half-installed libcurl4:arm64 7.81.0-1ubuntu1.16
2024-07-02 15:52:12 status unpacked libcurl4:arm64 7.81.0-1ubuntu1.16
2024-07-02 15:52:12 install libldap-common:all <none> 2.5.17+dfsg-0ubuntu0.22.04.1
2024-07-02 15:52:12 status half-installed libldap-common:all 2.5.17+dfsg-0ubuntu0.22.04.1
2024-07-02 15:52:12 status unpacked libldap-common:all 2.5.17+dfsg-0ubuntu0.22.04.1
2024-07-02 15:52:12 install libsasl2-modules:arm64 <none> 2.1.27+dfsg2-3ubuntu1.2
2024-07-02 15:52:12 status half-installed libsasl2-modules:arm64 2.1.27+dfsg2-3ubuntu1.2
2024-07-02 15:52:12 status unpacked libsasl2-modules:arm64 2.1.27+dfsg2-3ubuntu1.2
2024-07-02 15:52:12 install mongodb-database-tools:arm64 <none> 100.9.5
2024-07-02 15:52:12 status half-installed mongodb-database-tools:arm64 100.9.5
2024-07-02 15:52:14 status unpacked mongodb-database-tools:arm64 100.9.5
2024-07-02 15:52:14 install mongodb-mongosh:arm64 <none> 2.2.10
2024-07-02 15:52:14 status half-installed mongodb-mongosh:arm64 2.2.10
2024-07-02 15:52:17 status unpacked mongodb-mongosh:arm64 2.2.10
2024-07-02 15:52:17 install mongodb-org-shell:arm64 <none> 7.0.12
2024-07-02 15:52:17 status half-installed mongodb-org-shell:arm64 7.0.12
2024-07-02 15:52:17 status unpacked mongodb-org-shell:arm64 7.0.12
2024-07-02 15:52:17 install mongodb-org-server:arm64 <none> 7.0.12
2024-07-02 15:52:17 status half-installed mongodb-org-server:arm64 7.0.12
2024-07-02 15:52:18 status unpacked mongodb-org-server:arm64 7.0.12
2024-07-02 15:52:18 install mongodb-org-mongos:arm64 <none> 7.0.12
2024-07-02 15:52:18 status half-installed mongodb-org-mongos:arm64 7.0.12
2024-07-02 15:52:18 status unpacked mongodb-org-mongos:arm64 7.0.12
2024-07-02 15:52:18 install mongodb-org-database-tools-extra:arm64 <none> 7.0.12
2024-07-02 15:52:18 status half-installed mongodb-org-database-tools-extra:arm64 7.0.12
2024-07-02 15:52:18 status unpacked mongodb-org-database-tools-extra:arm64 7.0.12
2024-07-02 15:52:18 install mongodb-org-database:arm64 <none> 7.0.12
2024-07-02 15:52:18 status half-installed mongodb-org-database:arm64 7.0.12
2024-07-02 15:52:18 status unpacked mongodb-org-database:arm64 7.0.12
2024-07-02 15:52:18 install mongodb-org-tools:arm64 <none> 7.0.12
2024-07-02 15:52:18 status half-installed mongodb-org-tools:arm64 7.0.12
2024-07-02 15:52:18 status unpacked mongodb-org-tools:arm64 7.0.12
2024-07-02 15:52:18 install mongodb-org:arm64 <none> 7.0.12
2024-07-02 15:52:18 status half-installed mongodb-org:arm64 7.0.12
2024-07-02 15:52:18 status unpacked mongodb-org:arm64 7.0.12
2024-07-02 15:52:18 startup packages configure
2024-07-02 15:52:18 configure mongodb-mongosh:arm64 2.2.10 <none>
2024-07-02 15:52:18 status unpacked mongodb-mongosh:arm64 2.2.10
2024-07-02 15:52:18 status half-configured mongodb-mongosh:arm64 2.2.10
2024-07-02 15:52:18 status installed mongodb-mongosh:arm64 2.2.10
2024-07-02 15:52:18 configure libpsl5:arm64 0.21.0-1.2build2 <none>
2024-07-02 15:52:18 status unpacked libpsl5:arm64 0.21.0-1.2build2
2024-07-02 15:52:18 status half-configured libpsl5:arm64 0.21.0-1.2build2
2024-07-02 15:52:18 status installed libpsl5:arm64 0.21.0-1.2build2
2024-07-02 15:52:18 configure libbrotli1:arm64 1.0.9-2build6 <none>
2024-07-02 15:52:18 status unpacked libbrotli1:arm64 1.0.9-2build6
2024-07-02 15:52:18 status half-configured libbrotli1:arm64 1.0.9-2build6
2024-07-02 15:52:18 status installed libbrotli1:arm64 1.0.9-2build6
2024-07-02 15:52:18 configure libsasl2-modules:arm64 2.1.27+dfsg2-3ubuntu1.2 <none>
2024-07-02 15:52:18 status unpacked libsasl2-modules:arm64 2.1.27+dfsg2-3ubuntu1.2
2024-07-02 15:52:18 status half-configured libsasl2-modules:arm64 2.1.27+dfsg2-3ubuntu1.2
2024-07-02 15:52:18 status installed libsasl2-modules:arm64 2.1.27+dfsg2-3ubuntu1.2
2024-07-02 15:52:18 configure libnghttp2-14:arm64 1.43.0-1ubuntu0.2 <none>
2024-07-02 15:52:18 status unpacked libnghttp2-14:arm64 1.43.0-1ubuntu0.2
2024-07-02 15:52:18 status half-configured libnghttp2-14:arm64 1.43.0-1ubuntu0.2
2024-07-02 15:52:18 status installed libnghttp2-14:arm64 1.43.0-1ubuntu0.2
2024-07-02 15:52:18 configure libldap-common:all 2.5.17+dfsg-0ubuntu0.22.04.1 <none>
2024-07-02 15:52:18 status unpacked libldap-common:all 2.5.17+dfsg-0ubuntu0.22.04.1
2024-07-02 15:52:18 status half-configured libldap-common:all 2.5.17+dfsg-0ubuntu0.22.04.1
2024-07-02 15:52:18 status installed libldap-common:all 2.5.17+dfsg-0ubuntu0.22.04.1
2024-07-02 15:52:18 configure libsasl2-modules-db:arm64 2.1.27+dfsg2-3ubuntu1.2 <none>
2024-07-02 15:52:18 status unpacked libsasl2-modules-db:arm64 2.1.27+dfsg2-3ubuntu1.2
2024-07-02 15:52:18 status half-configured libsasl2-modules-db:arm64 2.1.27+dfsg2-3ubuntu1.2
2024-07-02 15:52:18 status installed libsasl2-modules-db:arm64 2.1.27+dfsg2-3ubuntu1.2
2024-07-02 15:52:18 configure tzdata:all 2024a-0ubuntu0.22.04 <none>
2024-07-02 15:52:18 status unpacked tzdata:all 2024a-0ubuntu0.22.04
2024-07-02 15:52:18 status half-configured tzdata:all 2024a-0ubuntu0.22.04
2024-07-02 15:52:18 status installed tzdata:all 2024a-0ubuntu0.22.04
2024-07-02 15:52:18 configure mongodb-org-shell:arm64 7.0.12 <none>
2024-07-02 15:52:18 status unpacked mongodb-org-shell:arm64 7.0.12
2024-07-02 15:52:18 status half-configured mongodb-org-shell:arm64 7.0.12
2024-07-02 15:52:18 status installed mongodb-org-shell:arm64 7.0.12
2024-07-02 15:52:18 configure librtmp1:arm64 2.4+20151223.gitfa8646d.1-2build4 <none>
2024-07-02 15:52:18 status unpacked librtmp1:arm64 2.4+20151223.gitfa8646d.1-2build4
2024-07-02 15:52:18 status half-configured librtmp1:arm64 2.4+20151223.gitfa8646d.1-2build4
2024-07-02 15:52:18 status installed librtmp1:arm64 2.4+20151223.gitfa8646d.1-2build4
2024-07-02 15:52:18 configure mongodb-database-tools:arm64 100.9.5 <none>
2024-07-02 15:52:18 status unpacked mongodb-database-tools:arm64 100.9.5
2024-07-02 15:52:18 status half-configured mongodb-database-tools:arm64 100.9.5
2024-07-02 15:52:18 status installed mongodb-database-tools:arm64 100.9.5
2024-07-02 15:52:18 configure mongodb-org-database-tools-extra:arm64 7.0.12 <none>
2024-07-02 15:52:18 status unpacked mongodb-org-database-tools-extra:arm64 7.0.12
2024-07-02 15:52:18 status half-configured mongodb-org-database-tools-extra:arm64 7.0.12
2024-07-02 15:52:18 status installed mongodb-org-database-tools-extra:arm64 7.0.12
2024-07-02 15:52:18 configure libsasl2-2:arm64 2.1.27+dfsg2-3ubuntu1.2 <none>
2024-07-02 15:52:18 status unpacked libsasl2-2:arm64 2.1.27+dfsg2-3ubuntu1.2
2024-07-02 15:52:18 status half-configured libsasl2-2:arm64 2.1.27+dfsg2-3ubuntu1.2
2024-07-02 15:52:18 status installed libsasl2-2:arm64 2.1.27+dfsg2-3ubuntu1.2
2024-07-02 15:52:18 configure libssh-4:arm64 0.9.6-2ubuntu0.22.04.3 <none>
2024-07-02 15:52:18 status unpacked libssh-4:arm64 0.9.6-2ubuntu0.22.04.3
2024-07-02 15:52:18 status half-configured libssh-4:arm64 0.9.6-2ubuntu0.22.04.3
2024-07-02 15:52:18 status installed libssh-4:arm64 0.9.6-2ubuntu0.22.04.3
2024-07-02 15:52:18 configure publicsuffix:all 20211207.1025-1 <none>
2024-07-02 15:52:18 status unpacked publicsuffix:all 20211207.1025-1
2024-07-02 15:52:18 status half-configured publicsuffix:all 20211207.1025-1
2024-07-02 15:52:19 status installed publicsuffix:all 20211207.1025-1
2024-07-02 15:52:19 configure libldap-2.5-0:arm64 2.5.17+dfsg-0ubuntu0.22.04.1 <none>
2024-07-02 15:52:19 status unpacked libldap-2.5-0:arm64 2.5.17+dfsg-0ubuntu0.22.04.1
2024-07-02 15:52:19 status half-configured libldap-2.5-0:arm64 2.5.17+dfsg-0ubuntu0.22.04.1
2024-07-02 15:52:19 status installed libldap-2.5-0:arm64 2.5.17+dfsg-0ubuntu0.22.04.1
2024-07-02 15:52:19 configure mongodb-org-tools:arm64 7.0.12 <none>
2024-07-02 15:52:19 status unpacked mongodb-org-tools:arm64 7.0.12
2024-07-02 15:52:19 status half-configured mongodb-org-tools:arm64 7.0.12
2024-07-02 15:52:19 status installed mongodb-org-tools:arm64 7.0.12
2024-07-02 15:52:19 configure libcurl4:arm64 7.81.0-1ubuntu1.16 <none>
2024-07-02 15:52:19 status unpacked libcurl4:arm64 7.81.0-1ubuntu1.16
2024-07-02 15:52:19 status half-configured libcurl4:arm64 7.81.0-1ubuntu1.16
2024-07-02 15:52:19 status installed libcurl4:arm64 7.81.0-1ubuntu1.16
2024-07-02 15:52:19 configure mongodb-org-server:arm64 7.0.12 <none>
2024-07-02 15:52:19 status unpacked mongodb-org-server:arm64 7.0.12
2024-07-02 15:52:19 status half-configured mongodb-org-server:arm64 7.0.12
2024-07-02 15:52:19 status installed mongodb-org-server:arm64 7.0.12
2024-07-02 15:52:19 configure mongodb-org-mongos:arm64 7.0.12 <none>
2024-07-02 15:52:19 status unpacked mongodb-org-mongos:arm64 7.0.12
2024-07-02 15:52:19 status half-configured mongodb-org-mongos:arm64 7.0.12
2024-07-02 15:52:19 status installed mongodb-org-mongos:arm64 7.0.12
2024-07-02 15:52:19 configure mongodb-org-database:arm64 7.0.12 <none>
2024-07-02 15:52:19 status unpacked mongodb-org-database:arm64 7.0.12
2024-07-02 15:52:19 status half-configured mongodb-org-database:arm64 7.0.12
2024-07-02 15:52:19 status installed mongodb-org-database:arm64 7.0.12
2024-07-02 15:52:19 configure mongodb-org:arm64 7.0.12 <none>
2024-07-02 15:52:19 status unpacked mongodb-org:arm64 7.0.12
2024-07-02 15:52:19 status half-configured mongodb-org:arm64 7.0.12
2024-07-02 15:52:19 status installed mongodb-org:arm64 7.0.12
2024-07-02 15:52:19 trigproc libc-bin:arm64 2.35-0ubuntu3.8 <none>
2024-07-02 15:52:19 status half-configured libc-bin:arm64 2.35-0ubuntu3.8
2024-07-02 15:52:19 status installed libc-bin:arm64 2.35-0ubuntu3.8
